uniqueID,DraftYear,"Player Name (Last Name, First Name)",Position,Height in Ft & In,Weight in lbs,Standing vertical Jump,Maximum Vertical Jump (with steps),three-quarter court sprint,lane agility drill,Bench Press test,Drafted?,Player
1,2025,"Almansa, Izan",C,"6'9""",220.4,28.0,34.0,3.3,11.5,,No,Izan Almansa
2,2025,"Avdalas, Neoklis",SF,"6'8""",197.8,27.0,33.5,3.2,11.0,,No,Neoklis Avdalas
3,2025,"Bailey, Ace",SF-PF,"6'8""",203.0,28.0,35.0,3.0,11.0,,Yes,Ace Bailey
4,2025,"Bates, Tamar",SG,"6'4""",191.0,28.0,34.0,3.0,11.0,,No,Tamar Bates
5,2025,"Brea, Koby",SG,"6'6""",202.0,28.0,34.0,3.0,11.0,,Yes,Koby Brea
6,2025,"Broome, Johni",SF-PF,"6'9""",249.0,25.0,28.0,3.0,12.0,,Yes,Johni Broome
7,2025,"Bryant, Carter",SF-PF,"6'6""",215.0,31.0,40.0,3.0,11.0,,Yes,Carter Bryant
8,2025,"Byrd, Miles",SG,"6'5""",182.0,32.0,36.0,3.0,11.0,,No,Miles Byrd
9,2025,"Clayton Jr., Walter",PG-SG,"6'2""",199.0,30.0,37.0,3.0,11.0,,Yes,Walter Clayton Jr.
10,2025,"Clifford, Nique",PG-SG,"6'5""",202.0,31.0,36.0,3.0,11.0,,Yes,Nique Clifford
11,2025,"Condon, Alex",SF-PF,"6'11""",222.0,30.0,35.0,3.0,12.0,,No,Alex Condon
12,2025,"Coward, Cedric",PG-SG,"6'5""",213.0,33.0,39.0,3.0,11.0,,Yes,Cedric Coward
13,2025,"Demin, Egor",PG-SG,"6'8""",199.0,27.0,32.0,3.0,11.0,,Yes,Egor Demin
14,2025,"Dixon, Eric",PF,"6'8""",259.0,28.0,33.0,3.0,12.0,,No,Eric Dixon
15,2025,"Edgecombe, VJ",PG-SG,"6'4""",193.0,30.0,39.0,3.0,11.0,,Yes,VJ Edgecombe
16,2025,"Fears, Jeremiah",PG-SG,"6'2""",180.0,33.0,37.0,3.0,11.0,,Yes,Jeremiah Fears
17,2025,"Flagg, Cooper",SF-PF,"6'8""",221.0,29.0,36.0,3.0,11.0,,Yes,Cooper Flagg
18,2025,"Fland, Boogie",PG,"6'2""",172.0,,,,,,No,Boogie Fland
19,2025,"Fleming, Rasheer",SF-PF,"6'8""",232.0,27.0,33.0,3.0,11.0,,Yes,Rasheer Fleming
20,2025,"Goldin, Vladislav",C,"7'0""",253.0,27.0,30.0,4.0,12.0,,No,Vladislav Goldin
21,2025,"Haggerty, PJ",SG,"6'2""",189.0,28.0,32.0,3.0,12.0,,No,PJ Haggerty
22,2025,"Harper, Dylan",PG-SG,"6'4""",213.0,31.0,37.0,3.0,11.0,,Yes,Dylan Harper
23,2025,"Henshall, Ben",SG,"6'6""",193.0,30.0,37.0,3.0,10.0,,No,Ben Henshall
24,2025,"Jakucionis, Kasparas",PG-SG,"6'5""",205.0,29.0,35.0,3.0,11.0,,Yes,Kasparas Jakucionis
25,2025,"James, Sion",SG,"6'4""",218.0,32.0,40.0,3.0,11.0,,Yes,Sion James
26,2025,"Johnson, Tre",PG-SG,"6'5""",190.0,32.0,38.0,3.0,10.0,,Yes,Tre Johnson
27,2025,"Jones, Kam",PG,"6'3""",202.0,25.0,32.0,3.0,11.0,,Yes,Kam Jones
28,2025,"Kalkbrenner, Ryan",C,"7'1""",257.0,29.0,33.0,3.0,12.0,,Yes,Ryan Kalkbrenner
29,2025,"Knox, Karter",SF,"6'5""",214.0,32.0,40.0,3.0,11.0,,No,Karter Knox
30,2025,"Knueppel, Kon",PG-SG,"6'5""",219.0,,,,,,Yes,Kon Knueppel
31,2025,"Konan Niederhauser, Yanic",C,"6'11""",242.6,33.5,37.0,3.2,11.5,,Yes,Yanic Konan Niederhauser
32,2025,"Lanier, Chaz",PG-SG,"6'4""",206.0,33.0,39.0,3.0,11.0,,Yes,Chaz Lanier
33,2025,"Lendeborg, Yaxel",PF,"6'8""",234.6,25.5,31.5,3.3,11.7,,No,Yaxel Lendeborg
34,2025,"Luis Jr., RJ",SF,"6'6""",210.0,31.5,38.0,3.1,11.2,,No,RJ Luis Jr.
35,2025,"Maluach, Khaman",C,"7'1""",252.8,24.0,30.0,3.5,12.1,,Yes,Khaman Maluach
36,2025,"Martin, Alijah",SG,"6'2""",208.4,29.5,38.0,3.1,11.1,,Yes,Alijah Martin
37,2025,"McNeeley, Liam",SF-PF,"6'7""",214.6,30.5,36.5,3.2,11.1,,Yes,Liam McNeeley
38,2025,"Mgbako, Mackenzie",SF-PF,"6'8""",216.4,27.5,33.0,3.4,12.0,,No,Mackenzie Mgbako
39,2025,"Moore, Jalon",SF,"6'6""",203.4,32.5,39.0,3.0,11.7,,No,Jalon Moore
40,2025,"Murray-Boyles, Collin",SF-PF,"6'6""",239.2,29.5,34.5,3.2,11.2,,Yes,Collin Murray-Boyles
41,2025,"Nelson, Grant",PF,"6'10""",229.8,27.0,30.0,3.2,10.5,,No,Grant Nelson
42,2025,"Nembhard, Ryan",PG,"5'11""",175.8,26.5,32.5,3.2,11.5,,No,Ryan Nembhard
43,2025,"Newell, Asa",SF-PF,"6'9""",223.8,29.5,36.5,3.3,11.0,,Yes,Asa Newell
44,2025,"Olbrich, Lachlan",PF,"6'9""",230.2,23.5,31.0,3.5,11.9,,Yes,Lachlan Olbrich
45,2025,"Oweh, Otega",SG,"6'4""",212.6,27.5,35.0,3.2,10.9,,No,Otega Oweh
46,2025,"Pate, Dink",SG,"6'6""",200.8,24.5,32.5,3.3,10.6,,No,Dink Pate
47,2025,"Peavy, Micah",SF,"6'6""",211.6,30.5,35.5,3.1,10.9,,Yes,Micah Peavy
48,2025,"Pettiford, Tahaad",PG,"6'0""",168.8,31.0,42.0,3.2,10.6,,No,Tahaad Pettiford
49,2025,"Philon, Labaron",PG-SG,"6'3""",174.6,28.5,32.5,3.2,11.5,,No,Labaron Philon
50,2025,"Powell, Drake",SF-PF,"6'5""",200.4,37.5,43.0,3.1,10.7,,Yes,Drake Powell
51,2025,"Proctor, Tyrese",PG-SG,"6'4""",183.2,30.5,36.5,3.2,10.8,,Yes,Tyrese Proctor
52,2025,"Queen, Derik",C,"6'9""",247.8,23.5,28.0,3.5,12.5,,Yes,Derik Queen
53,2025,"Raynaud, Maxime",C,"7'0""",236.8,28.0,31.5,3.2,11.3,,Yes,Maxime Raynaud
54,2025,"Richardson, Jase",PG-SG,"6'0""",178.4,30.5,38.0,3.2,11.0,,Yes,Jase Richardson
55,2025,"Riley, Will",SF-PF,"6'8""",185.6,27.5,32.0,3.2,11.7,,Yes,Will Riley
56,2025,"Ruzic, Michael",PF,"6'11""",221.4,29.5,32.5,3.1,11.4,,No,Michael Ruzic
57,2025,"Sallis, Hunter",SG,"6'4""",181.4,31.0,37.5,3.2,11.0,,No,Hunter Sallis
58,2025,"Sanders, Kobe",SF,"6'7""",203.2,30.0,36.0,3.2,11.0,,Yes,Kobe Sanders
59,2025,"Sears, Mark",PG,"5'11""",183.4,31.0,37.5,3.3,11.0,,No,Mark Sears
60,2025,"Shulga, Max",SG,"6'4""",206.4,29.5,34.5,3.2,11.4,,Yes,Max Shulga
61,2025,"Small, Javon",PG,"6'1""",190.0,33.0,40.5,3.1,10.7,,Yes,Javon Small
62,2025,"Sorber, Thomas",C,"6'9""",262.8,,,,,,Yes,Thomas Sorber
63,2025,"Thiero, Adou",PG-SG,"6'6""",218.4,,,,,,Yes,Adou Thiero
64,2025,"Tonje, John",SG,"6'5""",211.8,30.0,37.0,3.2,11.1,,Yes,John Tonje
65,2025,"Toohey, Alex",SF,"6'8""",222.8,26.5,31.5,3.2,11.4,,Yes,Alex Toohey
66,2025,"Uzan, Milos",PG,"6'3""",186.4,26.5,35.0,3.2,10.9,,No,Milos Uzan
67,2025,"Watkins, Jamir",SF,"6'5""",214.6,31.5,37.0,3.1,11.2,,Yes,Jamir Watkins
68,2025,"Williams, Brice",SG,"6'5""",205.8,27.5,32.5,3.2,11.2,,No,Brice Williams
69,2025,"Williams, Darrion",SF,"6'4""",236.0,24.0,30.0,3.3,11.7,,No,Darrion Williams
70,2025,"Wolf, Danny",SF-PF,"6'10""",251.8,24.0,30.0,3.5,11.3,,Yes,Danny Wolf
71,2025,"Yang, Hansen",C,"7'1""",252.6,26.0,30.0,3.4,11.8,,Yes,Hansen Yang
72,2025,"Zikarsky, Rocco",C,"7'3""",257.0,27.5,31.5,3.5,11.9,,Yes,Rocco Zikarsky
73,2024,"Ajayi, Michael",SF,"6'6""",227.8,27.0,34.5,3.21,12.0,,No,Michael Ajayi
74,2024,"Ajinca, Melvin",SF,"6'7""",213.8,26.5,31.0,3.38,12.0,,No,Melvin Ajinca
75,2024,"Alexander, Trey",SG,"6'3""",187.0,27.0,32.0,3.0,11.0,,No,Trey Alexander
76,2024,"Beekman, Reece",PG,"6'1""",196.4,30.0,37.0,3.0,11.0,,No,Reece Beekman
77,2024,"Bona, Adem",C,"6'8""",243.2,35.0,40.0,3.0,11.0,,Yes,Adem Bona
78,2024,"Brazile, Trevon",PF,"6'9""",215.0,33.0,41.0,3.0,11.0,,No,Trevon Brazile
79,2024,"Bridges, Jalen",SF,"6'7""",213.4,25.0,32.0,3.0,11.0,,No,Jalen Bridges
80,2024,"Buzelis, Matas",SF,"6'9""",197.0,31.0,38.0,3.0,11.0,,Yes,Matas Buzelis
81,2024,"Carrington, Carlton",PG,"6'4""",194.8,29.0,37.0,3.0,11.28,,Yes,Carlton Carrington
82,2024,"Carter, Devin",SG,"6'2""",193.0,35.0,42.0,3.0,10.63,,Yes,Devin Carter
83,2024,"Castle, Stephon",SG,"6'6""",210.0,29.0,37.0,3.0,10.93,,Yes,Stephon Castle
84,2024,"Chomche, Ulrich",C,"6'10""",232.4,29.0,36.0,3.0,11.74,,Yes,Ulrich Chomche
85,2024,"Christie, Cam",SG,"6'4""",190.4,33.0,36.0,3.0,11.07,,Yes,Cam Christie
86,2024,"Clingan, Donovan",C,"7'2""",282.0,26.0,29.0,3.0,12.06,,Yes,Donovan Clingan
87,2024,"Collier, Isaiah",PG,"6'2""",204.6,30.0,34.0,3.0,10.77,,Yes,Isaiah Collier
88,2024,"Da Silva, Tristan",PF,"6'8""",216.8,29.0,36.0,3.0,10.81,,Yes,Tristan Da Silva
89,2024,"Dadiet, Pacome",SF,"6'8""",216.8,29.0,36.0,3.0,11.84,,Yes,Pacome Dadiet
90,2024,"Dante, N'Faly",C,"6'10""",260.2,27.0,33.0,3.0,11.55,,No,N'Faly Dante
91,2024,"Dillingham, Robert",PG,"6'1""",164.2,,,,,,Yes,Robert Dillingham
92,2024,"Djurisic, Nikola",SF,"6'7""",208.8,28.0,35.0,3.0,10.63,,Yes,Nikola Djurisic
93,2024,"Dunn, Ryan",PF,"6'6""",213.6,32.0,39.0,3.0,10.99,,Yes,Ryan Dunn
94,2024,"Edey, Zach",C,"7'4""",299.0,26.0,32.0,3.0,11.19,,Yes,Zach Edey
95,2024,"Edwards, Jesse",C,"6'12""",236.0,31.0,36.0,3.0,11.24,,No,Jesse Edwards
96,2024,"Edwards, Justin",SF,"6'6""",209.4,28.0,33.0,3.0,12.07,,No,Justin Edwards
97,2024,"Ellis, Boogie",PG-SG,"6'1""",185.0,32.0,40.0,3.0,11.98,,No,Boogie Ellis
98,2024,"Filipowski, Kyle",PF,"6'11""",229.8,27.0,33.0,3.0,11.43,,Yes,Kyle Filipowski
99,2024,"Flowers, Trentyn",SF,"6'6""",201.4,35.0,42.0,3.0,11.01,,No,Trentyn Flowers
100,2024,"Freeman, Enrique",PF,"6'7""",212.0,31.0,35.0,3.0,10.99,,Yes,Enrique Freeman
101,2024,"Furphy, Johnny",SF,"6'8""",188.8,26.0,32.0,3.0,11.15,,Yes,Johnny Furphy
102,2024,"George, Kyshawn",SF,"6'7""",208.8,27.0,32.0,3.32,11.9,,Yes,Kyshawn George
103,2024,"Grant-Foster, Tyon",SF,"6'6""",215.2,,,,,,No,Tyon Grant-Foster
104,2024,"Hall, PJ",C,"6'8""",239.6,32.5,39.5,3.35,11.76,,No,PJ Hall
105,2024,"Hawkins, Coleman",PF,"6'8""",215.2,24.0,29.5,3.3,12.05,,No,Coleman Hawkins
106,2024,"Holland II, Ron",SF,"6'6""",196.8,30.0,38.0,3.1,11.1,,Yes,Ron Holland II
107,2024,"Holmes II, DaRon",C,"6'9""",236.2,27.5,34.0,3.25,11.2,,No,DaRon Holmes II
108,2024,"Hukporti, Ariel",C,"6'11""",246.2,,,,,,Yes,Ariel Hukporti
109,2024,"Ighodaro, Oso",C,"6'10""",222.0,35.0,39.5,3.09,11.25,,Yes,Oso Ighodaro
110,2024,"Ingram, Harrison",SF,"6'5""",233.6,29.0,35.0,3.17,11.36,,Yes,Harrison Ingram
111,2024,"James, Bronny",SG,"6'2""",210.4,32.0,40.5,3.09,10.96,,Yes,Bronny James
112,2024,"Johnson, AJ",SG,"6'4""",167.0,29.0,38.0,3.15,10.76,,Yes,AJ Johnson
113,2024,"Johnson, Keshad",PF,"6'6""",224.0,31.5,42.0,3.03,11.38,,No,Keshad Johnson
114,2024,"Jones, David",SF,"6'4""",211.2,28.0,34.5,3.2,11.08,,No,David Jones
115,2024,"Jones, Dillon",SF,"6'4""",236.8,26.5,33.5,3.25,11.08,,Yes,Dillon Jones
116,2024,"Jones, Isaac",C,"6'8""",235.0,29.0,35.0,3.38,11.49,,No,Isaac Jones
117,2024,"Karaban, Alex",PF,"6'6""",219.2,22.5,32.0,3.2,11.23,,No,Alex Karaban
118,2024,"Klintman, Bobi",PF,"6'9""",212.2,26.5,32.5,3.23,11.49,,Yes,Bobi Klintman
119,2024,"Knecht, Dalton",SF,"6'5""",212.2,31.0,39.0,3.07,10.56,,Yes,Dalton Knecht
120,2024,"Kolek, Tyler",PG,"6'1""",196.6,27.0,34.0,3.27,10.97,,Yes,Tyler Kolek
121,2024,"Larsson, Pelle",SG,"6'5""",212.4,30.5,38.0,3.06,11.15,,Yes,Pelle Larsson
122,2024,"McCain, Jared",SG,"6'2""",203.2,25.5,33.0,3.23,10.87,,Yes,Jared McCain
123,2024,"McCullar Jr., Kevin",SF,"6'5""",205.8,,,,,,No,Kevin McCullar Jr.
124,2024,"Missi, Yves",C,"6'11""",229.4,31.0,38.5,3.12,11.45,,Yes,Yves Missi
125,2024,"Mitchell, Ajay",PG,"6'3""",197.0,28.0,33.5,3.11,11.12,,Yes,Ajay Mitchell
126,2024,"Mogbo, Jonathan",PF,"6'6""",217.2,31.5,37.5,3.02,11.14,,Yes,Jonathan Mogbo
127,2024,"Newton, Tristen",PG,"6'3""",191.8,25.0,32.5,3.24,10.96,,Yes,Tristen Newton
128,2024,"Nunez, Juan",PG,"6'4""",205.6,22.0,29.0,3.41,11.47,,Yes,Juan Nunez
129,2024,"Post, Quinten",C,"7'0""",244.4,24.0,27.0,3.4,11.48,,Yes,Quinten Post
130,2024,"Reeves, Antonio",SG,"6'4""",186.6,29.0,36.0,3.14,11.44,,Yes,Antonio Reeves
131,2024,"Risacher, Zaccharie",SF,"6'8""",194.6,25.0,31.0,3.38,11.51,,Yes,Zaccharie Risacher
132,2024,"Robinson, Jaxson",SG,"6'5""",188.6,29.5,34.0,3.17,11.39,,No,Jaxson Robinson
133,2024,"Salaun, Tidjane",PF,"6'9""",217.4,27.5,32.0,3.37,11.45,,No,Tidjane Salaun
134,2024,"Sandfort, Payton",SF,"6'6""",212.0,22.0,28.0,3.43,11.57,,No,Payton Sandfort
135,2024,"Sarr, Alexandre",C,"6'12""",224.2,30.5,37.0,3.27,11.43,,Yes,Alexandre Sarr
136,2024,"Scheierman, Baylor",SF,"6'6""",201.6,27.5,32.0,3.09,10.89,,Yes,Baylor Scheierman
137,2024,"Shannon Jr., Terrence",SF,"6'6""",219.4,,,,,,No,Terrence Shannon Jr.
138,2024,"Shead, Jamal",PG,"6'0""",200.8,30.0,37.5,2.94,10.87,,Yes,Jamal Shead
139,2024,"Sheppard, Reed",PG,"6'2""",181.6,32.5,42.0,3.08,10.96,,Yes,Reed Sheppard
140,2024,"Simpson, KJ",PG,"6'0""",187.0,32.5,40.5,3.24,10.49,,Yes,KJ Simpson
141,2024,"Smith, Tyler",PF,"6'9""",223.8,32.0,38.0,3.28,10.74,,Yes,Tyler Smith
142,2024,"Spencer, Cam",SG,"6'3""",201.8,23.0,30.5,3.35,11.07,,Yes,Cam Spencer
143,2024,"Tomlin, Nae'Qwan",PF,"6'8""",205.0,27.5,32.5,3.43,11.63,,No,Nae'Qwan Tomlin
144,2024,"Topic, Nikola",PG,"6'6""",203.0,,,,,,Yes,Nikola Topic
145,2024,"Toppin, JT",PF,"6'7""",221.0,28.5,34.0,3.27,11.12,,No,JT Toppin
146,2024,"Tyson, Jaylon",SF,"6'6""",218.2,29.5,36.5,3.12,11.13,,Yes,Jaylon Tyson
147,2024,"Walter, Ja'Kobe",SG,"6'4""",197.6,30.5,38.5,3.04,11.0,,Yes,Ja'Kobe Walter
148,2024,"Ware, Kel'el",C,"6'12""",230.0,32.5,36.0,3.29,10.97,,Yes,Kel'el Ware
149,2024,"Wells, Jaylen",SF,"6'6""",206.2,27.5,36.0,3.08,11.28,,Yes,Jaylen Wells
150,2024,"Williams, Cody",SF,"6'6""",178.4,31.0,35.5,3.06,11.17,,Yes,Cody Williams
151,2023,"Bailey, Amari",SG,"6'3""",190.8,28.5,35.0,3.19,11.0,,Yes,Amari Bailey
152,2023,"Bates, Emoni",SF,"6'8""",179.2,27.0,33.0,3.0,12.0,,Yes,Emoni Bates
153,2023,"Black, Anthony",PG,"6'6""",210.0,32.0,39.0,3.0,11.0,,Yes,Anthony Black
154,2023,"Brown, Kobe",PF,"6'6""",252.2,29.0,32.0,3.0,11.0,,Yes,Kobe Brown
155,2023,"Bufkin, Kobe",SG,"6'4""",186.8,29.0,36.0,3.0,12.0,,Yes,Kobe Bufkin
156,2023,"Camara, Toumani",PF,"6'7""",220.4,29.0,33.0,3.0,11.0,,Yes,Toumani Camara
157,2023,"Cissoko, Sidy",SF,"6'6""",223.8,31.0,36.0,3.0,11.24,,Yes,Sidy Cissoko
158,2023,"Clark, Jaylen",SG,"6'4""",204.2,,,,,,Yes,Jaylen Clark
159,2023,"Council IV, Ricky",SF,"6'5""",208.0,31.0,37.0,3.0,11.2,,No,Ricky Council IV
160,2023,"Dick, Gradey",SG,"6'6""",204.0,29.0,34.0,4.0,11.13,,Yes,Gradey Dick
161,2023,"Flagler, Adam",PG,"6'1""",191.8,31.0,36.0,3.0,10.96,,No,Adam Flagler
162,2023,"Gueye, Mouhamed",C,"6'10""",212.6,,,,,,Yes,Mouhamed Gueye
163,2023,"Hawkins, Jordan",SG,"6'4""",186.0,,,,,,Yes,Jordan Hawkins
164,2023,"Hendricks, Taylor",PF,"6'8""",213.6,33.0,36.0,3.0,11.27,,Yes,Taylor Hendricks
165,2023,"Hood-Schifino, Jalen",PG,"6'4""",216.6,,,,,,Yes,Jalen Hood-Schifino
166,2023,"Jackson Jr., Andre",SF,"6'6""",198.4,31.0,40.0,3.0,10.83,,Yes,Andre Jackson Jr.
167,2023,"Jackson-Davis, Trayce",C,"6'8""",240.4,33.0,37.0,3.0,11.8,,Yes,Trayce Jackson-Davis
168,2023,"Jackson, GG",PF,"6'8""",214.4,31.0,37.0,3.0,11.39,,Yes,GG Jackson
169,2023,"Jaquez Jr., Jaime",SF,"6'6""",226.4,35.0,39.0,3.0,11.21,,Yes,Jaime Jaquez Jr.
170,2023,"Johnson, Keyontae",SF,"6'4""",238.6,,,,,,Yes,Keyontae Johnson
171,2023,"Jones, Colby",SG,"6'4""",199.2,30.5,35.0,3.33,11.14,,Yes,Colby Jones
172,2023,"Kaluma, Arthur",PF,"6'6""",221.8,32.5,34.5,3.44,11.35,,No,Arthur Kaluma
173,2023,"King, Mojave",SG,"6'4""",200.6,33.5,42.0,3.18,11.07,,Yes,Mojave King
174,2023,"Lewis, Maxwell",SG,"6'6""",207.2,32.5,36.5,3.43,11.4,,Yes,Maxwell Lewis
175,2023,"Livingston, Chris",SF,"6'6""",219.2,30.5,37.0,3.27,11.65,,Yes,Chris Livingston
176,2023,"Lundy, Seth",SF,"6'4""",214.4,31.5,35.5,3.15,11.02,,Yes,Seth Lundy
177,2023,"Miles Jr., Mike",PG,"6'1""",205.0,33.0,37.0,3.11,11.01,,No,Mike Miles Jr.
178,2023,"Miller, Jordan",SF,"6'4""",191.6,32.0,36.5,3.17,11.43,,Yes,Jordan Miller
179,2023,"Miller, Leonard",PF,"6'9""",212.8,32.0,37.5,3.33,11.0,,Yes,Leonard Miller
180,2023,"Mintz, Judah",PG,"6'3""",176.4,28.5,37.0,3.24,10.32,,No,Judah Mintz
181,2023,"Mitchell, Dillon",PF,"6'7""",193.0,29.0,37.0,3.32,10.92,,No,Dillon Mitchell
182,2023,"Moore, Omari",SG,"6'5""",188.6,29.0,35.5,3.22,10.8,,No,Omari Moore
183,2023,"Murray, Kris",PF,"6'8""",212.8,29.5,35.0,3.3,11.11,,Yes,Kris Murray
184,2023,"Phillips, Julian",SF,"6'7""",196.6,36.0,43.0,3.32,11.09,,Yes,Julian Phillips
185,2023,"Pickett, Jalen",PG,"6'2""",197.8,28.5,33.0,3.35,11.91,,Yes,Jalen Pickett
186,2023,"Podziemski, Brandin",SG,"6'4""",203.8,31.5,39.0,3.21,11.16,,Yes,Brandin Podziemski
187,2023,"Prosper, Olivier-Maxence",PF,"6'7""",212.4,35.0,40.5,3.21,10.59,,No,Olivier-Maxence Prosper
188,2023,"Rupert, Rayan",SF,"6'6""",193.2,27.5,32.5,3.43,11.18,,Yes,Rayan Rupert
189,2023,"Sanogo, Adama",C,"6'7""",257.8,28.5,31.0,3.31,11.5,,No,Adama Sanogo
190,2023,"Sasser, Marcus",PG,"6'1""",195.6,27.0,35.0,3.43,10.68,,Yes,Marcus Sasser
191,2023,"Sheppard, Ben",SG,"6'5""",194.6,29.5,35.5,3.17,10.88,,Yes,Ben Sheppard
192,2023,"Slawson, Jalen",PF,"6'6""",221.6,29.0,33.0,3.29,11.26,,Yes,Jalen Slawson
193,2023,"Smith, Terquavion",SG,"6'2""",163.2,30.0,37.0,3.21,10.86,,No,Terquavion Smith
194,2023,"Strawther, Julian",SF,"6'6""",208.8,27.5,34.5,3.31,10.94,,Yes,Julian Strawther
195,2023,"Thompson, Amen",SG,"6'6""",214.2,,,,,,Yes,Amen Thompson
196,2023,"Thompson, Ausar",SG,"6'6""",218.2,,,,,,Yes,Ausar Thompson
197,2023,"Timme, Drew",C,"6'9""",243.2,26.0,30.5,3.34,10.93,,No,Drew Timme
198,2023,"Tshiebwe, Oscar",C,"6'7""",253.6,29.5,32.5,3.32,12.26,,No,Oscar Tshiebwe
199,2023,"Tubelis, Azuolas",PF,"6'9""",234.8,23.5,30.5,3.5,11.17,,No,Azuolas Tubelis
200,2023,"Vukcevic, Tristan",C,"6'11""",223.4,26.0,30.5,3.43,11.71,,Yes,Tristan Vukcevic
201,2023,"Walker, Jarace",PF,"6'6""",248.6,34.5,38.0,3.2,10.89,,Yes,Jarace Walker
202,2023,"Wallace, Cason",PG,"6'2""",195.2,28.0,36.0,3.34,10.82,,Yes,Cason Wallace
203,2023,"Walsh, Jordan",SF,"6'6""",204.0,33.0,36.0,3.3,10.83,,Yes,Jordan Walsh
204,2023,"Whitehead, Dariq",SG,"6'6""",217.2,,,,,,Yes,Dariq Whitehead
205,2023,"Whitmore, Cam",SF,"6'6""",235.0,31.5,40.5,3.2,10.82,,Yes,Cam Whitmore
206,2023,"Wilson, Jalen",SF,"6'6""",230.2,31.5,35.0,3.2,11.26,,Yes,Jalen Wilson
207,2023,"Wong, Isaiah",SG,"6'2""",178.4,32.5,37.0,3.22,10.93,,Yes,Isaiah Wong
208,2022,"Agbaji, Ochai",SG,"6'4""",216.8,32.0,39.0,3.13,10.77,,Yes,Ochai Agbaji
209,2022,"Baldwin Jr., Patrick",SF,"6'9""",230.8,23.5,26.5,3.45,12.25,,Yes,Patrick Baldwin Jr.
210,2022,"Barlow, Dominick",PF,"6'9""",221.0,28.5,34.0,3.33,11.29,,No,Dominick Barlow
211,2022,"Beauchamp, MarJon",SG,"6'5""",196.6,,,,,,Yes,MarJon Beauchamp
212,2022,"Besson, Hugo",SG,"6'4""",180.4,24.5,31.5,3.4,11.36,,Yes,Hugo Besson
213,2022,"Branham, Malaki",SG,"6'4""",194.8,29.0,35.0,3.17,11.38,,Yes,Malaki Branham
214,2022,"Braun, Christian",SG,"6'6""",209.2,33.5,40.0,3.16,11.0,,Yes,Christian Braun
215,2022,"Brown, Kendall",SF,"6'6""",201.2,31.5,41.0,3.29,11.57,,Yes,Kendall Brown
216,2022,"Butler Jr., John",PF,"6'12""",174.4,26.5,28.5,3.33,11.16,,No,John Butler Jr.
217,2022,"Champagnie, Julian",SF,"6'6""",212.4,28.5,34.5,3.14,11.39,,No,Julian Champagnie
218,2022,"Chandler, Kennedy",PG,"5'12""",172.2,31.0,41.5,,10.73,,Yes,Kennedy Chandler
219,2022,"Christie, Max",SG,"6'4""",189.2,32.0,37.5,3.07,10.82,,Yes,Max Christie
220,2022,"Cockburn, Kofi",C,"6'11""",293.0,29.5,32.5,3.33,12.11,,No,Kofi Cockburn
221,2022,"Daniels, Dyson",SG,"6'6""",195.2,29.0,34.0,3.22,10.81,,Yes,Dyson Daniels
222,2022,"Davis, Johnny",PG,"6'4""",196.4,,,,,,Yes,Johnny Davis
223,2022,"Davison, JD",PG,"6'0""",191.8,30.0,37.0,3.26,11.38,,Yes,JD Davison
224,2022,"Diabate, Moussa",C,"6'9""",216.6,29.0,36.5,3.26,11.16,,No,Moussa Diabate
225,2022,"Eason, Tari",PF,"6'7""",217.4,,,,,,Yes,Tari Eason
226,2022,"Ellis, Keon",SG,"6'4""",167.4,28.0,35.5,3.18,10.87,,Yes,Keon Ellis
227,2022,"Foster Jr., Michael",C,"6'8""",236.6,28.0,32.5,3.22,11.49,,No,Michael Foster Jr.
228,2022,"Gillespie, Collin",PG,"6'2""",195.8,26.5,33.0,3.21,10.95,,No,Collin Gillespie
229,2022,"Harper Jr., Ron",SF,"6'4""",240.4,26.0,30.5,3.4,11.41,,Yes,Ron Harper Jr.
230,2022,"Jovic, Nikola",SF,"6'10""",222.6,,,,,,Yes,Nikola Jovic
231,2022,"Juzang, Johnny",SG,"6'5""",208.6,27.5,32.5,3.29,11.03,,No,Johnny Juzang
232,2022,"Keels, Trevor",SG,"6'3""",223.8,24.5,31.0,3.27,11.33,,Yes,Trevor Keels
233,2022,"Kessler, Walker",C,"7'0""",256.0,,,,,,Yes,Walker Kessler
234,2022,"Koloko, Christian",C,"6'11""",221.0,28.0,33.5,3.27,11.3,,Yes,Christian Koloko
235,2022,"LaRavia, Jake",PF,"6'7""",227.2,27.5,34.0,3.37,10.58,,Yes,Jake LaRavia
236,2022,"Lewis, Justin",PF,"6'6""",235.4,32.5,35.0,3.23,11.49,,No,Justin Lewis
237,2022,"Liddell, E.J.",PF,"6'6""",243.0,35.5,38.0,3.26,11.11,,No,E.J. Liddell
238,2022,"Mathurin, Bennedict",SG,"6'4""",204.6,,,,,,Yes,Bennedict Mathurin
239,2022,"Mayer, Matthew",SF,"6'8""",216.4,25.5,31.5,3.39,10.74,,No,Matthew Mayer
240,2022,"McGowens, Bryce",SG,"6'5""",181.2,29.5,34.0,3.27,11.12,,Yes,Bryce McGowens
241,2022,"Mohammed, Aminu",SG-SF,"6'4""",212.8,29.5,36.0,3.33,11.54,,No,Aminu Mohammed
242,2022,"Molinar, Iverson",PG,"6'2""",183.2,31.0,38.0,3.19,11.23,,No,Iverson Molinar
243,2022,"Montero, Jean",PG,"6'1""",171.8,29.5,37.0,3.17,11.19,,No,Jean Montero
244,2022,"Moore, Wendell",SG,"6'4""",217.2,32.5,38.5,3.3,10.94,,No,Wendell Moore
245,2022,"Nembhard, Andrew",PG,"6'3""",195.6,26.5,35.0,3.26,10.46,,Yes,Andrew Nembhard
246,2022,"Pippen Jr., Scotty",PG,"6'0""",180.0,30.5,37.5,3.21,11.07,,No,Scotty Pippen Jr.
247,2022,"Procida, Gabriele",SG-SF,"6'6""",192.8,29.5,35.0,3.07,11.02,,Yes,Gabriele Procida
248,2022,"Robinson, Orlando",C,"6'10""",244.4,23.0,27.5,3.55,11.4,,No,Orlando Robinson
249,2022,"Roddy, David",PF,"6'4""",260.8,27.0,35.5,3.22,10.75,,Yes,David Roddy
250,2022,"Rollins, Ryan",SG,"6'2""",179.2,30.5,36.5,3.07,11.26,,Yes,Ryan Rollins
251,2022,"Seabron, Dereon",SG,"6'5""",182.4,30.5,38.0,3.12,11.03,,No,Dereon Seabron
252,2022,"Sharpe, Shaedon",SG,"6'4""",198.0,,,,,,Yes,Shaedon Sharpe
253,2022,"Spagnolo, Matteo",PG,"6'4""",196.2,25.5,31.5,3.4,11.42,,Yes,Matteo Spagnolo
254,2022,"Terry, Dalen",SG,"6'6""",195.2,,,,,,Yes,Dalen Terry
255,2022,"Walker, Jabari",PF,"6'7""",213.8,29.5,32.5,3.24,11.53,,Yes,Jabari Walker
256,2022,"Washington Jr., TyTy",SG,"6'2""",196.4,,,,,,No,TyTy Washington Jr.
257,2022,"Watson, Peyton",SF,"6'7""",203.4,28.0,33.5,3.28,11.03,,Yes,Peyton Watson
258,2022,"Wesley, Blake",SG,"6'3""",187.2,30.0,36.0,3.21,11.55,,Yes,Blake Wesley
259,2022,"Williams, Alondes",SG,"6'4""",209.0,30.0,35.5,3.15,10.96,,No,Alondes Williams
260,2022,"Williams, Jalen",SG,"6'4""",209.2,33.5,39.0,3.11,11.13,,Yes,Jalen Williams
261,2022,"Williams, Jaylin",C,"6'9""",236.6,24.5,30.0,3.5,11.64,,Yes,Jaylin Williams
262,2022,"Williams, Mark",C,"7'0""",242.4,,,,,,Yes,Mark Williams
263,2022,"Williams, Trevion",C,"6'7""",264.6,27.5,30.0,3.48,12.75,,No,Trevion Williams
264,2021,"Abmas, Max",PG,"5'10""",161.8,28.5,32.5,3.12,10.9,,No,Max Abmas
265,2021,"Bagley, Marcus",SF,"6'6""",216.8,32.5,38.5,3.17,12.26,,No,Marcus Bagley
266,2021,"Barnes, Scottie",SF,"6'7""",225.4,36.0,39.5,3.15,10.88,,Yes,Scottie Barnes
267,2021,"Bassey, Charles",C,"6'9""",230.2,33.0,36.0,3.13,12.19,,Yes,Charles Bassey
268,2021,"Boston Jr., Brandon",SF,"6'6""",188.0,,,,,,No,Brandon Boston Jr.
269,2021,"Bouknight, James",SG,"6'4""",190.0,,,,,,Yes,James Bouknight
270,2021,"Brown III, Greg",PF,"6'7""",206.4,33.5,39.0,3.19,10.98,,No,Greg Brown III
271,2021,"Butler, Jared",PG,"6'2""",193.0,,,,,,Yes,Jared Butler
272,2021,"Champagnie, Justin",PF,"6'6""",206.4,27.0,35.0,3.34,11.94,,No,Justin Champagnie
273,2021,"Christopher, Josh",SG,"6'3""",214.8,29.5,37.5,3.14,11.32,,Yes,Josh Christopher
274,2021,"Dosunmu, Ayo",SG,"6'4""",194.4,27.0,33.5,3.23,11.51,,Yes,Ayo Dosunmu
275,2021,"Duke Jr., David",SG,"6'4""",203.6,30.0,39.0,3.08,11.21,,No,David Duke Jr.
276,2021,"Edwards, Kessler",PF,"6'7""",203.0,28.0,37.0,3.25,11.3,,Yes,Kessler Edwards
277,2021,"Garza, Luka",C,"6'10""",242.8,24.0,29.5,3.51,11.9,,Yes,Luka Garza
278,2021,"Gray, RaiQuan",PF,"6'6""",268.6,26.5,31.5,3.25,11.69,,Yes,RaiQuan Gray
279,2021,"Grimes, Quentin",SG,"6'4""",205.0,30.5,38.5,3.07,11.09,,Yes,Quentin Grimes
280,2021,"Hauser, Sam",SF,"6'7""",217.4,28.5,34.5,3.34,11.14,,No,Sam Hauser
281,2021,"Henry, Aaron",SF,"6'4""",209.6,29.0,35.0,3.07,11.68,,No,Aaron Henry
282,2021,"Hurt, Matt",PF,"6'8""",232.4,25.5,32.5,3.34,11.44,,No,Matt Hurt
283,2021,"Hyland, Nah'Shon",SG,"6'2""",169.0,26.5,34.0,3.1,10.53,,Yes,Nah'Shon Hyland
284,2021,"Johnson, David",SG,"6'3""",202.8,33.0,39.0,3.03,12.02,,Yes,David Johnson
285,2021,"Johnson, Jalen",PF,"6'8""",209.6,,,,,,Yes,Jalen Johnson
286,2021,"Johnson, Keon",SG,"6'4""",184.8,41.5,48.0,3.0,11.45,,Yes,Keon Johnson
287,2021,"Jones, Carlik",PG,"6'0""",173.6,31.5,36.0,3.16,10.96,,No,Carlik Jones
288,2021,"Jones, Herbert",SF,"6'6""",206.4,28.5,36.5,3.25,11.02,,Yes,Herbert Jones
289,2021,"Jones, Kai",PF,"6'10""",221.4,,,,,,Yes,Kai Jones
290,2021,"Kispert, Corey",SF,"6'6""",223.8,30.0,37.5,3.12,10.91,,Yes,Corey Kispert
291,2021,"Lawson, AJ",SG-SF,"6'6""",179.2,33.0,41.0,2.98,11.0,,No,AJ Lawson
292,2021,"Lewis, Scottie",SF,"6'4""",187.6,34.0,42.0,2.98,10.45,,Yes,Scottie Lewis
293,2021,"Livers, Isaiah",SF,"6'6""",231.8,,,,,,Yes,Isaiah Livers
294,2021,"Maker, Makur",C,"6'10""",232.2,25.5,31.0,3.34,11.87,,No,Makur Maker
295,2021,"Mamukelashvili, Sandro",C,"6'9""",239.8,30.5,36.5,3.21,11.63,,Yes,Sandro Mamukelashvili
296,2021,"Mann, Tre",PG,"6'3""",177.6,,,,,,Yes,Tre Mann
297,2021,"McBride, Miles",PG,"6'1""",195.2,31.0,38.5,3.1,11.08,,Yes,Miles McBride
298,2021,"Mitchell, Davion",PG,"6'0""",202.4,,,,,,Yes,Davion Mitchell
299,2021,"Mobley, Isaiah",PF,"6'8""",238.0,26.5,32.0,3.3,12.7,,No,Isaiah Mobley
300,2021,"Moody, Moses",SG,"6'4""",210.6,,,,,,Yes,Moses Moody
301,2021,"Murphy III, Trey",SF,"6'8""",206.0,34.0,38.0,3.14,11.65,,No,Trey Murphy III
302,2021,"Nix, Daishen",PG,"6'3""",225.6,29.5,36.5,3.0,11.72,,No,Daishen Nix
303,2021,"Petty Jr., John",SG,"6'4""",186.2,27.5,34.0,3.35,11.51,,No,John Petty Jr.
304,2021,"Pons, Yves",PF,"6'6""",206.4,36.0,42.5,3.1,10.89,,No,Yves Pons
305,2021,"Preston, Jason",PG,"6'3""",180.6,30.5,38.5,3.13,10.82,,Yes,Jason Preston
306,2021,"Primo, Joshua",SG,"6'4""",189.0,30.5,37.5,3.22,10.97,,Yes,Joshua Primo
307,2021,"Prkacin, Roko",PF,"6'8""",225.4,,,,,,No,Roko Prkacin
308,2021,"Queta, Neemias",C,"6'11""",248.4,27.0,33.0,3.29,11.85,,Yes,Neemias Queta
309,2021,"Reaves, Austin",SG,"6'4""",197.2,25.0,35.0,3.07,10.94,,No,Austin Reaves
310,2021,"Robinson-Earl, Jeremiah",PF,"6'8""",242.4,27.0,32.0,3.29,11.64,,No,Jeremiah Robinson-Earl
311,2021,"Sims, Jericho",C,"6'9""",250.2,37.0,44.5,3.05,11.59,,Yes,Jericho Sims
312,2021,"Springer, Jaden",SG,"6'3""",202.0,34.5,41.5,3.13,11.46,,Yes,Jaden Springer
313,2021,"Steward, DJ",PG,"6'1""",162.2,34.5,38.5,3.08,11.14,,No,DJ Steward
314,2021,"Thor, JT",PF,"6'8""",203.0,31.5,35.0,3.06,12.19,,Yes,JT Thor
315,2021,"Todd, Isaiah",PF,"6'9""",219.0,28.5,35.5,3.31,11.38,,Yes,Isaiah Todd
316,2021,"Washington Jr., Duane",SG,"6'2""",196.8,29.5,35.5,3.17,11.5,,Yes,Duane Washington Jr.
317,2021,"Watford, Trendon",PF,"6'8""",237.4,28.0,35.0,3.27,11.69,,No,Trendon Watford
318,2021,"Wieskamp, Joe",SF,"6'6""",204.8,30.0,42.0,3.04,10.7,,Yes,Joe Wieskamp
319,2021,"Wiggins, Aaron",SG-SF,"6'4""",190.0,29.5,36.0,3.04,11.2,,Yes,Aaron Wiggins
320,2021,"Williams, Ziaire",SF,"6'8""",188.4,34.0,39.5,3.12,10.69,,Yes,Ziaire Williams
321,2021,"Wright IV, McKinley",PG,"5'11""",192.2,31.5,38.0,3.08,10.76,,No,McKinley Wright IV
322,2021,"Wright, Moses",PF,"6'8""",225.8,31.5,38.0,3.15,11.2,,No,Moses Wright
323,2021,"Zegarowski, Marcus",PG,"6'1""",180.8,30.0,35.5,3.11,11.47,,Yes,Marcus Zegarowski
324,2020,"Achiuwa, Precious",PF,"6'8""",234.0,,,,,,Yes,Precious Achiuwa
325,2020,"Alexander, Ty-Shon",SG,"6'2""",200.8,28.0,33.0,3.26,11.33,,No,Ty-Shon Alexander
326,2020,"Azubuike, Udoka",C,"6'10""",259.5,37.0,41.0,3.23,11.82,,Yes,Udoka Azubuike
327,2020,"Bey, Tyler",PF,"6'6""",212.8,37.0,43.5,3.17,11.35,,Yes,Tyler Bey
328,2020,"Childs, Yoeli",PF,"6'6""",226.4,34.0,38.5,3.22,10.87,,No,Yoeli Childs
329,2020,"Diakite, Mamadi",PF,"6'8""",222.1,28.0,37.0,3.16,11.95,,No,Mamadi Diakite
330,2020,"Dotson, Devon",PG,"6'0""",185.2,31.5,40.5,3.02,10.44,,No,Devon Dotson
331,2020,"Eboua, Paul",SF-PF,"6'6""",222.2,33.0,35.5,3.19,10.79,,No,Paul Eboua
332,2020,"Elleby, CJ",SG-SF,"6'6""",198.6,30.5,36.5,3.25,11.25,,Yes,CJ Elleby
333,2020,"Forrest, Trent",PG,"6'4""",203.0,28.0,34.5,3.18,11.04,,No,Trent Forrest
334,2020,"Green, Josh",SG-SF,"6'4""",214.0,30.5,39.5,3.12,10.64,,Yes,Josh Green
335,2020,"Hagans, Ashton",PG,"6'2""",193.0,29.5,36.5,3.13,10.82,,No,Ashton Hagans
336,2020,"Hall, Joshua",SF,"6'6""",196.6,31.5,37.5,3.38,12.16,,No,Joshua Hall
337,2020,"Harris, Jalen",SG,"6'3""",193.4,37.5,42.5,3.11,10.59,,Yes,Jalen Harris
338,2020,"Howard, Markus",PG,"5'10""",170.8,30.5,35.5,3.11,11.21,,No,Markus Howard
339,2020,"Hughes, Elijah",SF-SG,"6'5""",229.0,,,,,,Yes,Elijah Hughes
340,2020,"Joe, Isaiah",SG,"6'3""",170.4,,,,,,Yes,Isaiah Joe
341,2020,"Jones, Mason",SG,"6'4""",207.2,24.0,31.0,3.33,10.6,,No,Mason Jones
342,2020,"Knight, Nathan",PF-C,"6'8""",235.0,23.0,31.5,3.31,11.56,,No,Nathan Knight
343,2020,"Maledon, Theo",PG,"6'4""",187.4,,,,,,No,Theo Maledon
344,2020,"Mane, Karim",PG-SG,"6'5""",196.0,31.0,36.0,3.04,11.52,,No,Karim Mane
345,2020,"Marshall, Naji",SF,"6'6""",233.5,28.5,35.0,3.37,11.77,,No,Naji Marshall
346,2020,"Martin Jr., Kenyon",SF-PF,"6'6""",213.2,31.5,38.5,3.16,11.93,,No,Kenyon Martin Jr.
347,2020,"Mays, Skylar",SG,"6'3""",204.0,29.0,37.5,3.3,10.65,,Yes,Skylar Mays
348,2020,"Nnaji, Zeke",PF-C,"6'9""",246.8,33.0,38.0,3.2,10.94,,Yes,Zeke Nnaji
349,2020,"Nwora, Jordan",SF-PF,"6'6""",223.0,29.0,35.0,3.43,11.29,,Yes,Jordan Nwora
350,2020,"Perry, Reggie",PF-C,"6'8""",249.6,30.0,33.5,3.25,11.26,,Yes,Reggie Perry
351,2020,"Powell, Myles",PG-SG,"6'0""",194.0,,,,,,No,Myles Powell
352,2020,"Quickley, Immanuel",SG,"6'2""",185.8,29.5,35.5,3.17,11.21,,Yes,Immanuel Quickley
353,2020,"Ramsey, Jahmi'us",SG,"6'2""",193.4,,,,,,No,Jahmi'us Ramsey
354,2020,"Reed Jr., Paul",PF,"6'8""",219.2,26.5,37.5,3.45,12.29,,No,Paul Reed Jr.
355,2020,"Richards, Nick",C,"6'10""",241.6,30.0,34.0,3.25,11.42,,Yes,Nick Richards
356,2020,"Riller, Grant",PG-SG,"6'0""",178.4,32.5,39.5,3.07,11.17,,Yes,Grant Riller
357,2020,"Scrubb, Jayden",SG-SF,"6'5""",185.2,,,,,,No,Jayden Scrubb
358,2020,"Smith, Jalen",PF-C,"6'9""",224.6,,,,,,Yes,Jalen Smith
359,2020,"Stanley, Cassius",SG,"6'5""",201.6,34.5,44.0,3.09,11.4,,Yes,Cassius Stanley
360,2020,"Stevens, Lamar",SF-PF,"6'6""",228.0,35.0,41.0,3.2,10.35,,No,Lamar Stevens
361,2020,"Stewart, Isaiah",C,"6'7""",243.0,,,,,,Yes,Isaiah Stewart
362,2020,"Terry, Tyrell",PG,"6'2""",170.0,30.0,34.0,3.28,10.78,,Yes,Tyrell Terry
363,2020,"Tillie, Killian",PF,"6'9""",221.6,27.5,32.0,3.4,11.6,,No,Killian Tillie
364,2020,"Tillman Sr., Xavier",PF-C,"6'8""",266.5,26.0,32.5,3.49,11.8,,No,Xavier Tillman Sr.
365,2020,"Wesson, Kaleb",C,"6'9""",252.6,21.5,27.0,3.6,11.73,,No,Kaleb Wesson
366,2020,"Whitney, Kahlil",SF,"6'6""",205.0,29.0,39.0,3.28,11.17,,No,Kahlil Whitney
367,2020,"Winston, Cassius",PG,"6'0""",196.0,24.0,28.0,3.61,11.15,,Yes,Cassius Winston
368,2020,"Woodard II, Robert",SF,"6'6""",230.2,32.0,38.0,3.18,11.1,,No,Robert Woodard II
369,2019,"Alexander-Walker, Nickeil",SG,"6'4""",203.8,,,,,,Yes,Nickeil Alexander-Walker
370,2019,"Bazley, Darius",PF,"6'8""",208.4,30.5,37.0,3.27,11.09,4.0,Yes,Darius Bazley
371,2019,"Bol, Bol",C,"7'1""",208.0,,,,,,Yes,Bol Bol
372,2019,"Bone, Jordan",SG,"6'2""",179.0,36.0,42.5,3.08,9.97,7.0,Yes,Jordan Bone
373,2019,"Bowen II, Brian",SF,"6'6""",200.0,32.0,35.5,3.26,10.98,1.0,No,Brian Bowen II
374,2019,"Bowman, Ky",PG,"6'1""",181.2,27.5,33.0,3.26,11.11,4.0,No,Ky Bowman
375,2019,"Brazdeikis, Ignas",SF,"6'6""",220.8,31.0,36.5,3.36,11.06,13.0,Yes,Ignas Brazdeikis
376,2019,"Brissett, O'Shae",SF-PF,"6'7""",203.2,34.0,37.5,3.48,11.3,11.0,No,O'Shae Brissett
377,2019,"Brown, Moses",C,"7'1""",237.2,27.0,31.0,3.51,11.95,,No,Moses Brown
378,2019,"Clarke, Brandon",SF,"6'7""",207.2,34.0,40.5,3.15,10.61,10.0,Yes,Brandon Clarke
379,2019,"Claxton, Nicolas",C,"6'10""",216.6,31.5,36.5,3.36,11.26,8.0,No,Nicolas Claxton
380,2019,"Cook, Tyler",PF,"6'7""",245.4,27.5,32.0,3.28,11.32,11.0,No,Tyler Cook
381,2019,"Culver, Jarrett",SG,"6'5""",194.2,,,,,,Yes,Jarrett Culver
382,2019,"Davis, Terence",SG,"6'3""",192.4,29.5,34.0,3.28,10.69,13.0,No,Terence Davis
383,2019,"Dort, Luguentz",PG,"6'3""",222.2,32.5,38.0,3.22,10.79,14.0,No,Luguentz Dort
384,2019,"Edwards, Carsen",PG,"5'11""",199.4,28.5,34.0,3.22,10.53,14.0,Yes,Carsen Edwards
385,2019,"Fall, Tacko",C,"7'5""",288.8,22.0,26.5,3.78,13.01,8.0,No,Tacko Fall
386,2019,"Fernando, Bruno",C,"6'9""",237.0,29.5,33.5,3.21,11.29,13.0,Yes,Bruno Fernando
387,2019,"Gafford, Daniel",PF,"6'9""",237.6,32.5,36.5,3.25,11.61,5.0,Yes,Daniel Gafford
388,2019,"Guy, Kyle",SG,"6'1""",167.8,30.5,36.5,3.27,10.48,4.0,Yes,Kyle Guy
389,2019,"Hands, Jaylen",PG,"6'2""",180.4,33.0,41.5,3.12,10.73,6.0,Yes,Jaylen Hands
390,2019,"Harper, Jared",PG,"5'10""",169.2,33.5,40.5,3.04,10.77,8.0,No,Jared Harper
391,2019,"Hayes, Jaxson",PF,"6'10""",218.6,27.0,34.5,3.37,11.74,5.0,Yes,Jaxson Hayes
392,2019,"Hernandez, Dewan",C,"6'9""",232.8,30.5,35.5,3.28,11.46,13.0,Yes,Dewan Hernandez
393,2019,"Herro, Tyler",SG,"6'4""",192.4,,,,,,Yes,Tyler Herro
394,2019,"Hoard, Jalen",PF,"6'7""",212.6,27.5,35.5,3.34,11.44,8.0,No,Jalen Hoard
395,2019,"Horton-Tucker, Talen",SG,"6'2""",235.4,26.0,34.5,3.34,11.34,10.0,Yes,Talen Horton-Tucker
396,2019,"Jeffries, DaQuan",SF-PF,"6'4""",215.6,,,,,,No,DaQuan Jeffries
397,2019,"Jerome, Ty",PG,"6'4""",194.4,26.0,31.5,3.4,11.21,2.0,Yes,Ty Jerome
398,2019,"Johnson, Cameron",SG,"6'7""",205.2,30.5,36.5,3.26,10.52,,Yes,Cameron Johnson
399,2019,"Johnson, Keldon",SG,"6'5""",216.4,,,,,,Yes,Keldon Johnson
400,2019,"Kabengele, Mfiondu",PF,"6'9""",256.2,28.0,35.5,3.25,11.21,6.0,Yes,Mfiondu Kabengele
401,2019,"King, Louis",SF,"6'7""",195.2,29.0,33.0,3.28,10.99,0.0,No,Louis King
402,2019,"Langford, Romeo",SG,"6'4""",,,,,,,Yes,Romeo Langford
403,2019,"Lawson, Dedric",PF,"6'7""",233.0,23.5,26.0,3.6,11.8,10.0,No,Dedric Lawson
404,2019,"Lecque, Jalen",PG,"6'2""",185.2,35.0,43.0,3.29,11.09,1.0,No,Jalen Lecque
405,2019,"Little, Nassir",SF,"6'4""",224.2,31.0,38.5,3.24,12.15,5.0,Yes,Nassir Little
406,2019,"Mann, Terance",SG-SF,"6'5""",204.6,32.5,38.5,3.3,11.51,6.0,Yes,Terance Mann
407,2019,"Martin, Cody",PG-SG,"6'5""",192.2,28.0,35.5,3.32,10.44,7.0,Yes,Cody Martin
408,2019,"Matthews, Charles",SG,"6'5""",194.8,29.5,37.5,3.38,11.26,9.0,No,Charles Matthews
409,2019,"McDaniels, Jalen",SF,"6'8""",191.6,29.5,33.5,3.32,11.54,0.0,Yes,Jalen McDaniels
410,2019,"Norvell Jr., Zach",SG,"6'4""",206.4,24.0,30.0,3.43,11.6,,No,Zach Norvell Jr.
411,2019,"Nowell, Jaylen",SG,"6'3""",202.4,32.0,38.5,3.23,10.76,2.0,Yes,Jaylen Nowell
412,2019,"Okpala, KZ",SF,"6'7""",209.6,30.5,37.0,3.38,10.88,9.0,Yes,KZ Okpala
413,2019,"Oni, Miye",SG,"6'4""",205.6,30.5,38.5,3.17,11.71,19.0,Yes,Miye Oni
414,2019,"Paschall, Eric",SF,"6'6""",254.4,33.0,38.0,3.3,11.63,18.0,Yes,Eric Paschall
415,2019,"Ponds, Shamorie",PG,"5'12""",180.0,29.0,37.0,3.2,11.01,0.0,No,Shamorie Ponds
416,2019,"Poole, Jordan",SG,"6'4""",190.8,28.0,35.5,3.27,10.59,,Yes,Jordan Poole
417,2019,"Porter Jr., Kevin",SG,"6'4""",212.6,27.0,34.0,3.14,10.82,2.0,No,Kevin Porter Jr.
418,2019,"Porter, Jontay",PF,"6'10""",210.4,,,,,,No,Jontay Porter
419,2019,"Reddish, Cameron",SF,"6'6""",207.8,,,,,,No,Cameron Reddish
420,2019,"Reid, Naz",PF,"6'9""",255.8,26.0,32.5,3.42,12.03,3.0,Yes,Naz Reid
421,2019,"Roby, Isaiah",PF,"6'7""",214.0,32.5,35.5,3.25,10.63,9.0,Yes,Isaiah Roby
422,2019,"Samanic, Luka",PF,"6'10""",227.2,27.0,38.0,3.27,11.01,7.0,No,Luka Samanic
423,2019,"Schofield, Admiral",SF,"6'4""",240.6,30.0,34.0,3.37,10.77,15.0,Yes,Admiral Schofield
424,2019,"Shayok, Marial",SF-PF,"6'4""",196.8,29.5,36.5,3.37,11.16,9.0,Yes,Marial Shayok
425,2019,"Shittu, Simisola",PF,"6'8""",227.2,27.0,35.5,3.3,11.85,11.0,No,Simisola Shittu
426,2019,"Washington, P.J.",PF,"6'6""",230.4,,,,,,Yes,P.J. Washington
427,2019,"Waters, Tremont",PG,"5'10""",172.4,30.5,40.5,3.07,10.76,5.0,Yes,Tremont Waters
428,2019,"Weatherspoon, Quinndary",SG,"6'3""",206.6,31.0,38.0,3.16,11.57,,Yes,Quinndary Weatherspoon
429,2019,"White, Coby",PG,"6'4""",191.4,,,,,,Yes,Coby White
430,2019,"Wilkes, Kris",SF,"6'6""",208.8,27.5,35.0,3.34,10.39,4.0,No,Kris Wilkes
431,2019,"Williams, Grant",PF,"6'6""",240.2,26.0,31.5,3.33,10.83,20.0,Yes,Grant Williams
432,2019,"Windler, Dylan",SF,"6'6""",195.8,29.0,37.5,3.3,10.7,8.0,Yes,Dylan Windler
433,2018,"Alkins, Rawle",SG,"6'3""",217.4,32.5,40.5,3.15,11.5,10.0,No,Rawle Alkins
434,2018,"Allen, Grayson",SG,"6'3""",198.0,32.5,40.5,3.15,10.31,,Yes,Grayson Allen
435,2018,"Antetokounmpo, Kostas",PF,"6'9""",194.8,29.5,35.0,3.21,12.48,0.0,Yes,Kostas Antetokounmpo
436,2018,"Bamba, Mohamed",C,"6'11""",225.6,,,,,,No,Mohamed Bamba
437,2018,"Barford, Jaylen",PG-SG,"6'1""",207.6,27.0,33.0,3.31,11.39,7.0,No,Jaylen Barford
438,2018,"Bates-Diop, Keita",SG-SF,"6'7""",223.8,30.5,35.0,3.17,11.2,11.0,No,Keita Bates-Diop
439,2018,"Battle, Tyus",SG,"6'5""",200.2,32.0,37.5,3.07,11.04,9.0,No,Tyus Battle
440,2018,"Bowen, Brian",SG-SF,"6'6""",202.0,30.5,34.0,3.28,11.58,0.0,No,Brian Bowen
441,2018,"Bridges, Miles",SF,"6'5""",220.4,,,,,,Yes,Miles Bridges
442,2018,"Brown, Bruce",SG-PG,"6'4""",194.6,32.5,38.0,3.2,11.11,17.0,Yes,Bruce Brown
443,2018,"Brown, Troy",SF,"6'6""",208.0,26.0,33.0,3.33,11.51,5.0,Yes,Troy Brown
444,2018,"Brunson, Jalen",PG,"6'1""",198.4,29.0,37.0,3.15,10.59,7.0,Yes,Jalen Brunson
445,2018,"Carr, Tony",PG,"6'3""",198.8,25.0,31.5,3.17,11.89,0.0,Yes,Tony Carr
446,2018,"Carter, Jevon",PG,"6'0""",196.2,29.0,36.5,3.18,11.04,14.0,Yes,Jevon Carter
447,2018,"Carter, Wendell",C-PF,"6'9""",251.4,,,,,,No,Wendell Carter
448,2018,"Diallo, Hamidou",SG,"6'4""",197.0,32.5,40.5,3.1,10.53,1.0,Yes,Hamidou Diallo
449,2018,"DiVincenzo, Donte",SG,"6'4""",200.6,34.5,42.0,3.11,10.72,12.0,Yes,Donte DiVincenzo
450,2018,"Duval, Trevon",PG,"6'2""",191.0,34.0,41.5,3.18,10.93,6.0,No,Trevon Duval
451,2018,"Evans, Jacob",SG-SF,"6'4""",199.6,28.0,35.5,3.2,11.11,8.0,Yes,Jacob Evans
452,2018,"Evans, Keenan",PG,"6'2""",183.2,,,,,,No,Keenan Evans
453,2018,"Frazier, Melvin",SF-SG,"6'4""",198.2,31.0,40.5,3.08,11.24,0.0,Yes,Melvin Frazier
454,2018,"Gilgeous-Alexander, Shai",PG,"6'4""",180.0,,,,,,Yes,Shai Gilgeous-Alexander
455,2018,"Graham, Devonte",PG,"6'0""",186.4,31.0,37.0,3.21,11.28,14.0,Yes,Devonte Graham
456,2018,"Haas, Isaac",C,"7'1""",303.0,,,,,,No,Isaac Haas
457,2018,"Hall, Devon",SG,"6'4""",206.4,25.0,31.0,3.27,10.95,6.0,Yes,Devon Hall
458,2018,"Hervey, Kevin",PF,"6'6""",211.6,27.5,32.0,3.36,11.28,4.0,Yes,Kevin Hervey
459,2018,"Holiday, Aaron",PG,"5'12""",187.0,25.5,33.0,3.27,10.96,,Yes,Aaron Holiday
460,2018,"Huerter, Kevin",SG,"6'6""",194.0,31.0,38.0,3.09,10.89,9.0,Yes,Kevin Huerter
461,2018,"Jackson, Jaren",PF-C,"6'10""",236.0,,,,,,No,Jaren Jackson
462,2018,"Jackson, Justin",PF,"6'6""",229.4,,,,,,Yes,Justin Jackson
463,2018,"Johnson, Alize",PF,"6'7""",216.6,25.0,31.0,3.38,11.83,8.0,Yes,Alize Johnson
464,2018,"King, George",SF-SG,"6'5""",218.6,31.0,39.0,3.29,10.75,15.0,Yes,George King
465,2018,"Knox, Kevin",SF,"6'8""",212.6,,,,,,Yes,Kevin Knox
466,2018,"Konate, Sagaba",C,"6'6""",246.0,31.5,35.0,3.28,12.28,12.0,No,Sagaba Konate
467,2018,"Martin, Caleb",SF-SG,"6'5""",195.8,29.0,36.5,3.26,10.43,6.0,No,Caleb Martin
468,2018,"Maten, Yante",PF-C,"6'7""",246.2,27.0,31.5,3.17,11.35,18.0,No,Yante Maten
469,2018,"McCoy, Brandon",C,"6'12""",250.4,27.5,32.0,3.23,11.77,9.0,No,Brandon McCoy
470,2018,"Melton, DeAnthony",SG-PG,"6'2""",193.2,31.0,36.5,3.23,11.48,1.0,No,DeAnthony Melton
471,2018,"Metu, Chimezie",PF-C,"6'8""",219.6,29.5,36.0,3.33,11.89,5.0,Yes,Chimezie Metu
472,2018,"Milton, Shake",SG-PG,"6'4""",207.2,30.0,33.0,3.25,11.07,2.0,Yes,Shake Milton
473,2018,"Mykhailiuk, Sviatoslav",SG-SF,"6'6""",211.6,30.5,37.0,3.15,11.25,4.0,No,Sviatoslav Mykhailiuk
474,2018,"Newman, Malik",SG,"6'2""",189.2,27.5,33.5,3.13,10.9,,No,Malik Newman
475,2018,"Okogie, Josh",SG,"6'3""",210.8,33.0,42.0,3.04,11.08,12.0,Yes,Josh Okogie
476,2018,"Pinson, Theo",SG-SF,"6'5""",211.2,27.0,34.0,3.22,11.53,7.0,No,Theo Pinson
477,2018,"Porter, Michael",SF-PF,"6'10""",211.0,,,,,,No,Michael Porter
478,2018,"Preston, Billy",PF,"6'9""",222.4,25.0,33.0,3.2,11.26,0.0,No,Billy Preston
479,2018,"Robinson, Jerome",SG,"6'4""",188.4,,,,,,Yes,Jerome Robinson
480,2018,"Sexton, Collin",PG,"6'0""",183.0,,,,,,Yes,Collin Sexton
481,2018,"Shamet, Landry",PG,"6'4""",188.6,31.0,39.5,3.11,11.26,8.0,Yes,Landry Shamet
482,2018,"Simons, Anfernee",SG-PG,"6'2""",183.2,32.0,41.5,3.1,11.27,1.0,Yes,Anfernee Simons
483,2018,"Smith, Zhaire",SF-SG,"6'3""",198.6,33.0,41.5,3.05,11.02,10.0,Yes,Zhaire Smith
484,2018,"Spalding, Ray",PF,"6'9""",215.4,26.0,32.0,3.34,11.48,12.0,Yes,Ray Spalding
485,2018,"Spellman, Omari",PF-C,"6'8""",253.8,28.5,35.5,3.38,12.28,8.0,Yes,Omari Spellman
486,2018,"Thomas, Khyri",SG,"6'2""",198.8,30.0,35.0,3.18,10.96,14.0,Yes,Khyri Thomas
487,2018,"Trent, Gary",SG,"6'4""",204.2,33.5,39.5,3.12,11.37,12.0,No,Gary Trent
488,2018,"Trier, Allonzo",SG,"6'4""",198.0,32.0,40.0,3.14,11.02,11.0,No,Allonzo Trier
489,2018,"Wagner, Moritz",C-PF,"6'10""",241.4,27.0,34.0,3.18,11.48,8.0,Yes,Moritz Wagner
490,2018,"Walker, Lonnie",SG,"6'4""",196.2,31.5,40.0,3.06,10.87,12.0,No,Lonnie Walker
491,2018,"Washington, PJ",PF,"6'6""",223.0,27.0,34.0,3.2,11.39,3.0,No,PJ Washington
492,2018,"Wiley, Austin",C,"6'8""",249.4,28.0,33.5,3.3,12.79,14.0,No,Austin Wiley
493,2018,"Williams, Kenrich",SF,"6'6""",200.4,28.0,33.0,3.19,10.86,14.0,No,Kenrich Williams
494,2018,"Young, Trae",PG,"6'0""",177.8,,,,,,Yes,Trae Young
495,2017,"Adebayo, Edrice",PF-C,"6'9""",242.6,33.5,38.5,3.24,11.94,12.0,No,Edrice Adebayo
496,2017,"Allen, Jarrett",C,"6'9""",233.6,31.5,35.5,3.21,11.82,4.0,Yes,Jarrett Allen
497,2017,"Allen, Kadeem",PG,"6'1""",192.4,33.0,35.5,3.15,11.24,7.0,Yes,Kadeem Allen
498,2017,"Anigbogu, Ike",C,"6'8""",252.2,29.5,32.5,3.44,12.52,11.0,Yes,Ike Anigbogu
499,2017,"Anunoby, OG",SF,"6'6""",232.4,,,,,,Yes,OG Anunoby
500,2017,"Artis, Jamel",SG-SF,"6'6""",213.2,23.5,31.0,3.44,11.62,5.0,No,Jamel Artis
501,2017,"Bacon, Dwayne",SG-SF,"6'5""",221.6,30.0,36.5,3.22,11.7,8.0,Yes,Dwayne Bacon
502,2017,"Beachem, V.J.",SG-SF,"6'6""",193.4,30.0,37.0,3.26,11.18,11.0,No,V.J. Beachem
503,2017,"Bell, Jordan",PF,"6'7""",223.6,31.5,38.0,3.21,10.63,16.0,Yes,Jordan Bell
504,2017,"Blossomgame, Jaron",SF,"6'6""",218.6,31.0,35.5,3.17,11.47,16.0,Yes,Jaron Blossomgame
505,2017,"Boucher, Chris",PF,"6'8""",182.2,,,,,,No,Chris Boucher
506,2017,"Bradley, Tony",C,"6'9""",248.8,24.5,27.5,3.44,11.79,5.0,Yes,Tony Bradley
507,2017,"Briscoe, Isaiah",PG,"6'1""",222.4,28.0,33.5,3.38,10.95,11.0,No,Isaiah Briscoe
508,2017,"Brooks, Dillon",SG-SF,"6'5""",220.2,31.0,37.5,3.21,11.14,16.0,Yes,Dillon Brooks
509,2017,"Bryant, Thomas",PF-C,"6'10""",247.8,25.5,33.0,3.37,11.42,7.0,Yes,Thomas Bryant
510,2017,"Collins, John",PF,"6'8""",225.2,33.0,37.5,3.27,11.66,15.0,Yes,John Collins
511,2017,"Collins, Zach",PF-C,"6'10""",232.2,,,,,,Yes,Zach Collins
512,2017,"Dorsey, Tyler",SG,"6'3""",182.6,30.5,36.0,3.16,10.55,8.0,Yes,Tyler Dorsey
513,2017,"Dotson, Damyean",SG-SF,"6'4""",205.2,31.5,38.0,3.13,11.18,13.0,Yes,Damyean Dotson
514,2017,"Dozier, PJ",SG,"6'5""",200.6,34.0,39.0,3.15,10.84,9.0,No,PJ Dozier
515,2017,"Evans, Jawun",PG,"5'11""",185.2,27.5,33.5,3.21,11.34,1.0,Yes,Jawun Evans
516,2017,"Ferguson, Terrance",SG-SF,"6'6""",184.4,28.5,38.0,3.32,11.16,,Yes,Terrance Ferguson
517,2017,"Fox, De'Aaron",PG,"6'2""",169.6,,,,,,No,De'Aaron Fox
518,2017,"Giles, Harry",PF,"6'9""",232.0,27.0,32.5,3.34,11.08,5.0,Yes,Harry Giles
519,2017,"Hart, Josh",SG-SF,"6'4""",209.2,27.5,35.5,3.18,11.15,9.0,Yes,Josh Hart
520,2017,"Hayes, Nigel",PF,"6'6""",254.2,29.0,33.5,3.27,11.81,16.0,No,Nigel Hayes
521,2017,"Hicks, Isaiah",PF,"6'7""",233.4,31.5,37.0,3.36,12.31,11.0,No,Isaiah Hicks
522,2017,"Iwundu, Wesley",SG-SF,"6'6""",193.4,31.5,36.0,3.36,11.25,5.0,No,Wesley Iwundu
523,2017,"Jackson (UMD), Justin",SF,"6'6""",219.4,26.5,31.5,3.43,11.78,,No,Justin Jackson (UMD)
524,2017,"Jackson (UNC), Justin",SF,"6'7""",200.8,29.5,35.5,3.3,10.8,,No,Justin Jackson (UNC)
525,2017,"Jackson, Frank",PG,"6'2""",201.6,34.5,42.0,3.14,10.94,9.0,Yes,Frank Jackson
526,2017,"Jok, Peter",SG-SF,"6'4""",202.4,26.5,31.0,3.41,11.34,,No,Peter Jok
527,2017,"Kennard, Luke",SG-SF,"6'4""",196.2,,,,,,Yes,Luke Kennard
528,2017,"Kuzma, Kyle",SF-SG,"6'8""",222.6,27.0,34.0,3.25,10.72,12.0,Yes,Kyle Kuzma
529,2017,"Leaf, TJ",PF,"6'9""",222.2,29.0,34.5,3.27,11.55,6.0,No,TJ Leaf
530,2017,"Lydon, Tyler",PF,"6'8""",215.0,29.5,33.5,3.46,11.68,1.0,Yes,Tyler Lydon
531,2017,"Mason III, Frank",PG,"5'11""",188.8,34.0,41.0,3.18,11.41,15.0,No,Frank Mason III
532,2017,"Meeks, Kennedy",C,"6'9""",276.6,28.0,30.5,3.5,12.91,15.0,No,Kennedy Meeks
533,2017,"Mitchell, Donovan",SG,"6'1""",211.4,36.5,40.5,3.01,11.53,10.0,Yes,Donovan Mitchell
534,2017,"Morris, Monte",PG,"6'1""",175.2,28.0,33.5,3.19,11.0,8.0,Yes,Monte Morris
535,2017,"Motley, Johnathan",PF,"6'8""",238.2,,,,,,No,Johnathan Motley
536,2017,"Mykhailiuk, Svi",SG-SF,"6'6""",219.6,27.0,33.0,3.53,12.4,8.0,No,Svi Mykhailiuk
537,2017,"Ojeleye, Semi",SF-SG,"6'5""",241.4,35.0,40.5,3.16,10.58,19.0,Yes,Semi Ojeleye
538,2017,"Oliver, Cameron",PF,"6'7""",238.6,28.0,39.5,3.16,12.17,5.0,No,Cameron Oliver
539,2017,"Patton, Justin",C,"6'10""",229.0,26.0,30.5,3.46,11.8,,Yes,Justin Patton
540,2017,"Peters, Alec",PF,"6'7""",232.0,,,,,,Yes,Alec Peters
541,2017,"Rabb, Ivan",PF,"6'9""",219.6,28.5,32.5,3.35,12.68,3.0,Yes,Ivan Rabb
542,2017,"Reed, Davon",SG-SF,"6'4""",206.2,28.5,36.0,3.34,11.37,12.0,Yes,Davon Reed
543,2017,"Robinson, Devin",SF,"6'7""",189.6,35.5,41.5,3.23,12.85,10.0,No,Devin Robinson
544,2017,"Simmons, Kobi",PG,"6'3""",166.2,30.5,38.5,3.18,11.15,3.0,No,Kobi Simmons
545,2017,"Sumner, Edmond",PG,"6'4""",176.4,,,,,,Yes,Edmond Sumner
546,2017,"Swanigan, Caleb",PF,"6'8""",245.6,,,,,,Yes,Caleb Swanigan
547,2017,"Thornwell, Sindarius",SG-SF,"6'4""",211.6,27.0,30.5,3.36,11.48,15.0,Yes,Sindarius Thornwell
548,2017,"Trimble, Melo",PG,"6'1""",195.2,24.5,32.0,3.27,10.75,6.0,No,Melo Trimble
549,2017,"Walton Jr., Derrick",PG,"5'11""",188.6,26.0,32.5,3.29,11.28,9.0,No,Derrick Walton Jr.
550,2017,"Welsh, Thomas",PF-C,"6'12""",254.0,,,,,11.0,No,Thomas Welsh
551,2017,"White, Derrick",PG,"6'3""",189.8,31.0,36.5,3.08,10.84,10.0,Yes,Derrick White
552,2017,"Williams-Goss, Nigel",PG,"6'2""",190.2,27.5,34.5,3.19,10.42,10.0,No,Nigel Williams-Goss
553,2017,"Wilson, D.J.",PF,"6'9""",234.4,,,,,,No,D.J. Wilson
554,2017,"Yurtseven, Omer",C,"6'10""",248.4,26.0,31.5,3.45,12.85,6.0,No,Omer Yurtseven
555,2016,"Baker, Ron",SG,"6'3""",212.4,30.0,35.5,3.45,10.77,,No,Ron Baker
556,2016,"Baldwin IV, Wade",PG,"6'2""",201.8,32.5,38.0,3.19,10.45,,No,Wade Baldwin IV
557,2016,"Barber, Cat",PG,"6'2""",173.0,,,,,,No,Cat Barber
558,2016,"Beasley, Malik",SG,"6'4""",189.8,,,,,,Yes,Malik Beasley
559,2016,"Bembry, DeAndre",SG-SF,"6'4""",206.6,32.0,38.0,3.17,10.9,,No,DeAndre Bembry
560,2016,"Bentil, Ben",PF,"6'7""",229.2,29.0,33.0,3.3,11.16,,Yes,Ben Bentil
561,2016,"Bolomboy, Joel",PF,"6'8""",224.4,37.5,40.5,3.17,10.26,,Yes,Joel Bolomboy
562,2016,"Brogdon, Malcolm",SG,"6'4""",223.0,30.5,35.5,3.31,10.77,,Yes,Malcolm Brogdon
563,2016,"Brown, Jaylen",SG-SF,"6'5""",222.8,,,,,,Yes,Jaylen Brown
564,2016,"Chriss, Marquese",PF,"6'9""",233.0,32.5,38.5,3.26,11.93,,Yes,Marquese Chriss
565,2016,"Cook, Elgin",SF,"6'5""",209.8,,,,,,No,Elgin Cook
566,2016,"Cousins, Isaiah",PG,"6'3""",194.0,30.5,37.0,3.24,10.79,,Yes,Isaiah Cousins
567,2016,"Davis, Deyonta",PF,"6'9""",237.2,,,,,,Yes,Deyonta Davis
568,2016,"Diallo, Cheick",PF,"6'8""",218.6,31.0,35.0,3.26,11.24,,Yes,Cheick Diallo
569,2016,"Dunn, Kris",PG,"6'3""",0.0,,,,,,Yes,Kris Dunn
570,2016,"Ellenson, Henry",PF,"6'10""",242.0,,,,,,Yes,Henry Ellenson
571,2016,"Ellis, Perry",PF,"6'7""",217.8,32.0,38.0,3.13,10.73,,No,Perry Ellis
572,2016,"Felder, Kay",PG,"5'8""",177.2,35.5,44.0,3.15,11.52,,Yes,Kay Felder
573,2016,"Finney-Smith, Dorian",SF,"6'6""",212.6,32.5,35.5,3.27,11.01,,No,Dorian Finney-Smith
574,2016,"Gbinije, Michael",SG,"6'6""",204.6,33.5,37.5,3.12,11.0,,Yes,Michael Gbinije
575,2016,"Hamilton, Daniel",SG-SF,"6'6""",197.0,26.0,29.0,3.4,11.48,,Yes,Daniel Hamilton
576,2016,"Hield, Buddy",SG,"6'4""",212.4,,,,,,Yes,Buddy Hield
577,2016,"Jackson, Demetrius",PG,"6'0""",193.8,37.5,43.5,3.25,10.81,,Yes,Demetrius Jackson
578,2016,"Johnson, Brice",PF,"6'9""",208.6,33.5,38.0,3.2,11.88,,Yes,Brice Johnson
579,2016,"Jones, Damian",C,"6'10""",243.6,36.0,37.0,3.2,11.35,,Yes,Damian Jones
580,2016,"Labissiere, Skal",PF-C,"6'10""",215.8,,,,,,No,Skal Labissiere
581,2016,"Layman, Jake",SF,"6'8""",208.6,33.0,39.5,3.24,11.35,,Yes,Jake Layman
582,2016,"Lee, Marcus",PF-C,"6'9""",211.0,28.5,35.5,3.25,11.68,,No,Marcus Lee
583,2016,"LeVert, Caris",SG,"6'6""",191.0,,,,,,Yes,Caris LeVert
584,2016,"Maker, Thon",PF,"6'12""",216.0,32.0,36.5,3.33,11.15,,Yes,Thon Maker
585,2016,"McCaw, Patrick",PG-SG,"6'5""",180.8,30.0,38.0,3.3,11.01,,Yes,Patrick McCaw
586,2016,"Niang, Georges",PF,"6'7""",230.8,25.0,31.0,3.49,11.64,,Yes,Georges Niang
587,2016,"Onuaku, Chinanu",C,"6'9""",245.2,27.5,33.5,3.5,11.65,,Yes,Chinanu Onuaku
588,2016,"Paige, Marcus",PG,"6'0""",163.8,33.5,39.5,3.15,10.82,,Yes,Marcus Paige
589,2016,"Payton II, Gary",PG,"6'2""",183.8,31.5,38.5,3.23,11.57,,No,Gary Payton II
590,2016,"Poeltl, Jakob",C,"7'0""",239.0,,,,,,Yes,Jakob Poeltl
591,2016,"Prince, Taurean",SF,"6'6""",220.2,34.0,36.0,3.24,10.96,,Yes,Taurean Prince
592,2016,"Qi, Zhou",PF-C,"7'1""",218.2,31.5,32.0,3.46,11.27,,Yes,Zhou Qi
593,2016,"Richardson, Malachi",SG-SF,"6'5""",199.6,33.0,38.0,3.33,10.56,,Yes,Malachi Richardson
594,2016,"Selden, Wayne",SG,"6'4""",232.4,,,,,,No,Wayne Selden
595,2016,"Siakam, Pascal",PF,"6'8""",226.6,30.5,36.5,3.41,11.25,,Yes,Pascal Siakam
596,2016,"Stone, Diamond",C,"6'9""",254.4,27.0,29.5,3.5,12.02,,Yes,Diamond Stone
597,2016,"Ulis, Tyler",PG,"5'9""",149.2,32.5,38.0,3.2,10.8,,Yes,Tyler Ulis
598,2016,"Uthoff, Jarrod",PF,"6'8""",214.4,29.0,34.5,3.5,11.52,,No,Jarrod Uthoff
599,2016,"Valentine, Denzel",SG-SF,"6'4""",210.4,27.0,32.0,3.46,10.51,,Yes,Denzel Valentine
600,2016,"Whitehead, Isaiah",PG-SG,"6'3""",210.0,27.5,35.5,3.34,11.65,,Yes,Isaiah Whitehead
601,2016,"Williams, Troy",SF,"6'6""",217.8,30.0,36.0,3.35,10.72,,No,Troy Williams
602,2016,"Wiltjer, Kyle",PF,"6'9""",242.8,28.5,35.5,3.48,11.35,,No,Kyle Wiltjer
603,2016,"Zimmerman, Stephen",C,"6'10""",234.0,26.0,31.0,3.43,12.08,,Yes,Stephen Zimmerman
604,2015,"Alexander, Cliff",PF-C,"6'7""",239.2,,,,,,No,Cliff Alexander
605,2015,"Anderson, Justin",SF-SG,"6'5""",230.6,38.0,43.0,3.22,11.13,12.0,Yes,Justin Anderson
606,2015,"Ashley, Brandon",PF,"6'7""",228.0,31.5,35.5,3.58,11.21,9.0,No,Brandon Ashley
607,2015,"Boatright, Ryan",PG,"5'10""",169.6,32.0,41.0,3.26,10.71,10.0,No,Ryan Boatright
608,2015,"Booker, Devin",SG,"6'4""",205.8,27.5,34.5,3.28,10.27,8.0,Yes,Devin Booker
609,2015,"Brown, Anthony",SF-SG,"6'6""",211.0,27.5,34.5,3.18,10.94,4.0,Yes,Anthony Brown
610,2015,"Cauley-Stein, Willie",C,"6'11""",242.4,,,,,,No,Willie Cauley-Stein
611,2015,"Christmas, Rakeem",PF-C,"6'8""",242.6,29.0,32.0,3.47,11.6,9.0,Yes,Rakeem Christmas
612,2015,"Connaughton, Pat",SG,"6'4""",215.0,37.5,44.0,3.2,10.58,13.0,Yes,Pat Connaughton
613,2015,"Cook, Quinn",PG,"6'0""",179.0,24.5,31.0,3.38,11.44,14.0,No,Quinn Cook
614,2015,"Dawson, Branden",PF,"6'6""",230.2,28.5,34.5,3.2,12.22,12.0,Yes,Branden Dawson
615,2015,"Dekker, Sam",SF,"6'8""",218.6,25.5,34.5,3.28,10.64,5.0,Yes,Sam Dekker
616,2015,"Frazier II, Michael",SG,"6'4""",199.4,27.0,35.0,3.32,10.66,10.0,No,Michael Frazier II
617,2015,"Graham, Treveon",SF,"6'4""",219.4,28.5,31.5,3.3,11.64,11.0,No,Treveon Graham
618,2015,"Grant, Jerian",PG,"6'3""",198.0,,,,,,Yes,Jerian Grant
619,2015,"Hanlan, Olivier",PG-SG,"6'3""",185.8,28.0,34.0,3.25,11.41,19.0,Yes,Olivier Hanlan
620,2015,"Harrell, Montrezl",PF,"6'7""",253.4,,,,,,Yes,Montrezl Harrell
621,2015,"Harrison, Aaron",SG,"6'4""",209.2,28.5,34.5,3.27,,1.0,No,Aaron Harrison
622,2015,"Harrison, Andrew",PG,"6'4""",213.2,26.5,33.0,3.34,11.2,,Yes,Andrew Harrison
623,2015,"Harvey, Tyler",SG,"6'3""",181.4,26.0,28.5,3.44,10.56,1.0,Yes,Tyler Harvey
624,2015,"Hawkins, Corey",SG-PG,"6'1""",191.8,28.5,34.0,3.51,10.81,9.0,No,Corey Hawkins
625,2015,"Hollis-Jefferson, Rondae",SF,"6'6""",210.8,32.0,38.0,3.12,10.41,13.0,No,Rondae Hollis-Jefferson
626,2015,"Holmes, Jonathan",PF-SF,"6'8""",242.2,25.5,31.0,3.51,10.95,,No,Jonathan Holmes
627,2015,"Holmes, Richaun",PF,"6'8""",242.8,32.5,36.0,3.32,11.24,15.0,Yes,Richaun Holmes
628,2015,"Hunter, R.J.",SG,"6'4""",185.0,27.5,33.5,3.26,10.87,1.0,No,R.J. Hunter
629,2015,"Hunter, Vince",PF,"6'7""",208.4,33.5,37.5,3.26,11.19,13.0,No,Vince Hunter
630,2015,"Johnson, Dakari",C,"6'11""",264.6,22.5,25.0,3.62,11.76,4.0,Yes,Dakari Johnson
631,2015,"Johnson, Stanley",SF,"6'5""",241.8,,,,,,Yes,Stanley Johnson
632,2015,"Jones, Tyus",PG,"6'0""",184.6,26.5,32.5,3.32,11.84,2.0,Yes,Tyus Jones
633,2015,"Kaminsky, Frank",C-PF,"6'12""",231.2,,,,,,Yes,Frank Kaminsky
634,2015,"Looney, Kevon",PF,"6'8""",222.4,,,,,,Yes,Kevon Looney
635,2015,"Lyles, Trey",PF,"6'9""",241.2,,,,,,Yes,Trey Lyles
636,2015,"Martin, Jarell",PF,"6'8""",238.6,28.5,35.0,3.27,11.2,19.0,Yes,Jarell Martin
637,2015,"McConnell, TJ",PG,"6'0""",187.8,26.0,31.5,3.3,10.95,7.0,No,TJ McConnell
638,2015,"McCullough, Chris",PF,"6'8""",199.0,,,,,,Yes,Chris McCullough
639,2015,"Mickey, Jordan",PF,"6'7""",238.0,33.0,37.5,3.28,11.72,9.0,Yes,Jordan Mickey
640,2015,"Nance, Larry",PF,"6'8""",226.6,29.0,37.5,3.25,10.93,10.0,No,Larry Nance
641,2015,"Oubre, Kelly",SF-SG,"6'6""",202.8,34.5,37.0,3.32,11.09,7.0,No,Kelly Oubre
642,2015,"Payne, Cameron",PG,"6'1""",182.8,29.8,35.5,3.28,10.9,0.0,Yes,Cameron Payne
643,2015,"Petteway, Terran",SG,"6'5""",209.2,25.0,31.0,3.32,10.91,15.0,No,Terran Petteway
644,2015,"Portis, Bobby",PF,"6'10""",246.2,25.0,31.5,3.56,11.78,5.0,Yes,Bobby Portis
645,2015,"Powell, Norman",SG,"6'3""",215.4,32.5,40.5,3.2,10.69,5.0,Yes,Norman Powell
646,2015,"Qualls, Michael",SG-SF,"6'4""",201.4,34.0,39.5,3.18,11.88,9.0,No,Michael Qualls
647,2015,"Randle, Chasson",PG,"6'0""",178.8,33.5,39.5,3.2,10.63,6.0,No,Chasson Randle
648,2015,"Rozier, Terry",PG-SG,"6'0""",190.2,33.0,38.0,3.15,10.84,7.0,Yes,Terry Rozier
649,2015,"Russell, D?Angelo",PG-SG,"6'3""",193.4,,,,,,No,D?Angelo Russell
650,2015,"Sykes, Keifer",PG,"5'10""",167.2,34.0,43.0,3.13,10.47,8.0,No,Keifer Sykes
651,2015,"Thornton, Marcus",PG-SG,"6'2""",177.4,34.5,43.0,3.02,10.78,3.0,Yes,Marcus Thornton
652,2015,"Tokoto, J.P.",SF-SG,"6'5""",195.8,34.5,40.0,3.27,10.97,12.0,No,J.P. Tokoto
653,2015,"Turner, Myles",C-PF,"6'10""",238.6,,,,,,Yes,Myles Turner
654,2015,"Upshaw, Robert",C,"6'11""",258.2,,,,,,No,Robert Upshaw
655,2015,"Vaughn, Rashad",SG,"6'4""",198.6,28.0,34.0,3.21,11.4,5.0,Yes,Rashad Vaughn
656,2015,"Walker, Chris",PF,"6'9""",208.0,30.5,37.0,3.35,11.25,6.0,No,Chris Walker
657,2015,"Wells, Dez",SG,"6'3""",208.8,31.5,39.0,3.2,10.56,15.0,No,Dez Wells
658,2015,"Williams, Alan",PF,"6'7""",261.4,25.5,28.5,3.5,12.26,8.0,No,Alan Williams
659,2015,"Winslow, Justise",SF,"6'4""",221.8,,,,,,Yes,Justise Winslow
660,2015,"Wood, Christian",PF,"6'9""",216.0,,,,,,No,Christian Wood
661,2015,"Wright, Delon",PG,"6'4""",181.4,29.5,31.0,3.29,11.16,4.0,Yes,Delon Wright
662,2014,"Adams, Jordan",SG,"6'4""",208.8,24.5,29.5,3.5,12.13,,Yes,Jordan Adams
663,2014,"Anderson, Kyle",SF,"6'8""",230.1,,,,,,Yes,Kyle Anderson
664,2014,"Antetokounmpo, Thanasis",SF,"6'5""",205.2,31.5,39.5,3.18,11.39,,Yes,Thanasis Antetokounmpo
665,2014,"Bachynski, Jordan",PF,"7'1""",254.1,29.0,33.0,3.36,12.15,,No,Jordan Bachynski
666,2014,"Bairstow, Cameron",PF,"6'9""",252.4,31.0,33.5,3.37,11.39,,Yes,Cameron Bairstow
667,2014,"Birch, Khem",PF,"6'8""",208.8,30.5,35.5,3.26,11.6,,No,Khem Birch
668,2014,"Brown, Alec",PF,"7'0""",231.2,27.0,30.0,3.48,12.05,,Yes,Alec Brown
669,2014,"Brown, Jabari",SG,"6'3""",201.9,28.0,32.0,3.5,11.6,,No,Jabari Brown
670,2014,"Brown, Markel",SG,"6'2""",184.4,36.5,43.5,3.18,12.62,,Yes,Markel Brown
671,2014,"Burton, Deonte",PG,"6'0""",192.8,29.0,39.5,3.28,11.28,,No,Deonte Burton
672,2014,"Christon, Semaj",PG,"6'2""",186.0,30.5,36.5,3.32,11.55,,Yes,Semaj Christon
673,2014,"Clarkson, Jordan",PG,"6'3""",186.3,33.0,38.5,3.28,10.76,,Yes,Jordan Clarkson
674,2014,"Craft, Aaron",PG,"6'1""",191.6,29.0,32.0,3.26,10.78,,No,Aaron Craft
675,2014,"Daniels, DeAndre",SF,"6'7""",196.0,26.5,32.0,3.44,11.46,,Yes,DeAndre Daniels
676,2014,"Dinwiddie, Spencer",PG,"6'4""",204.9,,,,,,Yes,Spencer Dinwiddie
677,2014,"Early, Cleanthony",SF,"6'6""",209.4,34.0,40.0,3.18,11.15,,Yes,Cleanthony Early
678,2014,"Ejim, Melvin",SF,"6'5""",218.5,29.5,35.0,3.14,11.55,,No,Melvin Ejim
679,2014,"Ennis, Tyler",PG,"6'1""",181.5,29.0,36.0,3.3,11.12,,Yes,Tyler Ennis
680,2014,"Exum, Dante",SG,"6'4""",196.3,31.5,34.5,3.19,10.75,,Yes,Dante Exum
681,2014,"Fair, C.J.",SF,"6'6""",218.1,27.0,35.0,3.32,11.0,,No,C.J. Fair
682,2014,"Gordon, Aaron",PF,"6'8""",220.1,32.5,39.0,3.27,10.81,,Yes,Aaron Gordon
683,2014,"Grant, Jerami",SF,"6'6""",214.0,,,,,,Yes,Jerami Grant
684,2014,"Hairston, P.J.",SG,"6'4""",228.8,32.0,37.0,3.32,11.12,,No,P.J. Hairston
685,2014,"Harris, Gary",SG,"6'2""",204.8,,,,,,Yes,Gary Harris
686,2014,"Harris, Joe",SG,"6'5""",215.0,28.5,33.5,3.31,11.11,,Yes,Joe Harris
687,2014,"Hood, Rodney",SF,"6'7""",208.2,29.0,36.0,3.38,11.21,,Yes,Rodney Hood
688,2014,"Jefferson, Cory",PF,"6'8""",218.4,33.0,37.5,3.36,12.63,,Yes,Cory Jefferson
689,2014,"Johnson, Nick",SG,"6'2""",198.0,33.5,41.5,3.27,10.8,,Yes,Nick Johnson
690,2014,"Kilpatrick, Sean",SG,"6'2""",218.7,,,,,,No,Sean Kilpatrick
691,2014,"Kirk, Alex",PF,"6'9""",252.0,28.5,31.5,3.48,11.2,,No,Alex Kirk
692,2014,"LaVine, Zach",PG,"6'4""",180.9,33.5,41.5,3.19,10.42,,Yes,Zach LaVine
693,2014,"Marble, Devyn",SG,"6'5""",192.4,29.0,35.0,3.28,11.32,,Yes,Devyn Marble
694,2014,"McAdoo, James",PF,"6'8""",227.6,29.5,34.0,3.28,11.61,,No,James McAdoo
695,2014,"McDaniels, K.J.",SF,"6'4""",195.6,33.0,37.0,3.1,12.71,,No,K.J. McDaniels
696,2014,"McDermott, Doug",SF,"6'6""",218.0,28.5,36.5,3.29,11.1,,Yes,Doug McDermott
697,2014,"McRae, Jordan",SG,"6'4""",179.4,27.5,34.5,3.39,11.07,,Yes,Jordan McRae
698,2014,"Napier, Shabazz",PG,"5'11""",175.2,30.5,37.5,3.2,11.6,,Yes,Shabazz Napier
699,2014,"O?Bryant III, Johnny",PF,"6'7""",256.8,31.0,35.5,3.45,11.57,,No,Johnny O?Bryant III
700,2014,"Patterson, Lamar",SG,"6'4""",226.0,27.5,32.5,3.45,11.63,,Yes,Lamar Patterson
701,2014,"Payne, Adreian",PF,"6'9""",238.5,,,,,,Yes,Adreian Payne
702,2014,"Payton, Elfrid",PG,"6'2""",185.4,31.5,35.5,3.23,11.06,,Yes,Elfrid Payton
703,2014,"Powell, Dwight",PF,"6'10""",234.4,28.5,35.0,3.2,11.28,,Yes,Dwight Powell
704,2014,"Randle, Julius",PF,"6'8""",249.7,29.0,35.5,3.27,11.45,,Yes,Julius Randle
705,2014,"Robinson III, Glenn",SF,"6'6""",211.4,36.5,41.5,3.15,11.22,,No,Glenn Robinson III
706,2014,"Ross, LaQuinton",SF,"6'6""",238.7,25.0,31.0,3.44,11.97,,No,LaQuinton Ross
707,2014,"Smart, Marcus",PG,"6'2""",227.2,33.0,36.0,3.26,10.82,,Yes,Marcus Smart
708,2014,"Smith, Russ",PG,"5'12""",160.0,29.5,34.0,3.27,11.57,,Yes,Russ Smith
709,2014,"Stauskas, Nik",SG,"6'5""",206.9,29.0,35.5,3.27,10.79,,Yes,Nik Stauskas
710,2014,"Stokes, Jarnell",PF,"6'7""",262.8,31.0,36.0,3.26,11.92,,Yes,Jarnell Stokes
711,2014,"Thames, Xavier",PG,"6'2""",187.0,29.0,32.5,3.48,11.48,,Yes,Xavier Thames
712,2014,"Vonleh, Noah",PF,"6'8""",247.1,31.0,37.0,3.28,11.45,,Yes,Noah Vonleh
713,2014,"Warren, T.J.",SF,"6'7""",220.2,27.0,35.5,3.26,11.1,,No,T.J. Warren
714,2014,"Wilcox, C.J.",SG,"6'4""",201.0,31.0,37.5,3.22,11.3,,No,C.J. Wilcox
715,2014,"Williams, Kendall",PG,"6'2""",183.0,27.0,33.0,,10.83,,No,Kendall Williams
716,2014,"Young, James",SG,"6'5""",213.3,28.0,35.5,,,,Yes,James Young
717,2014,"Young, Patric",PF,"6'8""",246.8,32.0,37.5,3.43,11.18,,No,Patric Young
718,2013,"Adams, Steven",C,"6'11""",254.5,28.5,33.0,3.4,11.85,16.0,Yes,Steven Adams
719,2013,"Blue, Vander",SG,"6'4""",197.4,28.0,37.5,3.14,10.4,4.0,No,Vander Blue
720,2013,"Brown, Lorenzo",PG,"6'4""",189.2,28.0,34.0,3.4,11.78,8.0,Yes,Lorenzo Brown
721,2013,"Bullock, Reggie",SG-SF,"6'6""",199.8,31.0,36.5,3.31,11.33,11.0,Yes,Reggie Bullock
722,2013,"Burke, Trey",PG,"5'12""",187.0,29.5,36.5,3.16,11.2,3.0,Yes,Trey Burke
723,2013,"Caldwell-Pope, Kentavious",SG,"6'4""",203.6,29.0,34.5,3.12,10.6,7.0,No,Kentavious Caldwell-Pope
724,2013,"Canaan, Isaiah",PG,"5'11""",188.4,33.0,40.5,3.22,10.98,16.0,Yes,Isaiah Canaan
725,2013,"Carmichael, Jackie",PF,"6'8""",241.2,30.0,32.0,3.35,11.83,13.0,No,Jackie Carmichael
726,2013,"Carter-Williams, Michael",PG,"6'5""",184.4,31.5,41.0,3.22,10.68,8.0,No,Michael Carter-Williams
727,2013,"Clyburn, Will",SF-SG,"6'6""",210.4,28.0,34.5,3.38,11.68,3.0,No,Will Clyburn
728,2013,"Covington, Robert",SF-PF,"6'6""",208.6,29.5,36.0,3.34,11.69,9.0,No,Robert Covington
729,2013,"Crabbe, Allen",SG,"6'5""",197.4,30.5,36.0,3.32,10.67,10.0,Yes,Allen Crabbe
730,2013,"Curry, Seth",SG,"6'1""",179.2,,,,,,No,Seth Curry
731,2013,"Davies, Brandon",PF,"6'8""",241.8,26.0,31.5,3.5,11.22,7.0,No,Brandon Davies
732,2013,"Dedmon, Dewayne",C,"6'10""",238.8,28.0,32.5,3.4,12.75,8.0,No,Dewayne Dedmon
733,2013,"Dieng, Gorgui",C,"6'10""",229.6,,,,,,Yes,Gorgui Dieng
734,2013,"Ennis, James",SF,"6'6""",200.8,29.5,36.5,3.4,11.55,7.0,No,James Ennis
735,2013,"Felix, Carrick",SF-SG,"6'5""",202.6,32.0,38.5,3.25,11.16,15.0,Yes,Carrick Felix
736,2013,"Franklin, Jamaal",SG-SF,"6'4""",190.8,,,,,,Yes,Jamaal Franklin
737,2013,"Gobert, Rudy",C,"7'0""",237.6,25.0,29.0,3.57,12.85,7.0,Yes,Rudy Gobert
738,2013,"Goodwin, Archie",SG,"6'4""",189.0,30.0,36.0,3.27,10.75,1.0,Yes,Archie Goodwin
739,2013,"Green, Erick",PG,"6'2""",178.2,,,,,5.0,Yes,Erick Green
740,2013,"Hardaway Jr., Tim",SG,"6'4""",199.4,31.5,37.5,3.25,10.68,16.0,No,Tim Hardaway Jr.
741,2013,"Hill, Solomon",SF,"6'6""",226.0,29.5,37.5,3.19,10.77,14.0,Yes,Solomon Hill
742,2013,"Howell, Richard",PF,"6'6""",249.6,,,,,,No,Richard Howell
743,2013,"Iverson, Colton",C,"6'10""",262.8,26.5,30.0,3.52,11.52,12.0,Yes,Colton Iverson
744,2013,"Jackson, Pierre",PG,"5'10""",176.0,,,,,,Yes,Pierre Jackson
745,2013,"Jerrett, Grant",PF,"6'9""",232.0,28.5,34.0,3.51,11.85,2.0,Yes,Grant Jerrett
746,2013,"Kabongo, Myck",PG,"6'1""",180.4,27.5,33.5,3.44,10.64,2.0,No,Myck Kabongo
747,2013,"Kadji, Kenny",PF-C,"6'9""",241.6,34.0,38.0,3.44,11.47,9.0,No,Kenny Kadji
748,2013,"Kelly, Ryan",PF,"6'10""",228.0,,,,,,Yes,Ryan Kelly
749,2013,"Larkin, Shane",PG,"5'10""",170.8,34.5,44.0,3.08,10.64,12.0,Yes,Shane Larkin
750,2013,"Ledo, Ricky",SG,"6'5""",197.2,27.0,33.5,3.32,10.72,4.0,Yes,Ricky Ledo
751,2013,"Len, Alex",C,,,,,,,,Yes,Alex Len
752,2013,"Leslie, CJ",PF-SF,"6'8""",209.2,32.5,40.5,3.1,10.19,,No,CJ Leslie
753,2013,"Mbakwe, Trevor",PF,"6'7""",235.8,30.0,36.5,3.32,12.01,21.0,No,Trevor Mbakwe
754,2013,"McCallum, Ray",PG,"6'0""",191.4,30.5,40.0,3.25,10.82,5.0,Yes,Ray McCallum
755,2013,"McCollum, CJ",PG-SG,"6'2""",197.0,32.0,38.5,3.32,11.02,13.0,Yes,CJ McCollum
756,2013,"McLemore, Ben",SG,"6'4""",189.2,32.5,42.0,3.27,11.87,6.0,Yes,Ben McLemore
757,2013,"Mitchell, Tony",PF-SF,"6'8""",236.4,33.5,38.0,3.52,11.82,13.0,Yes,Tony Mitchell
758,2013,"Muhammad, Shabazz",SF-SG,"6'5""",221.8,29.5,37.0,3.32,10.99,10.0,Yes,Shabazz Muhammad
759,2013,"Murphy, Erik",PF,"6'9""",239.8,24.5,29.5,3.57,12.19,13.0,Yes,Erik Murphy
760,2013,"Muscala, Mike",C-PF,"6'10""",230.2,28.0,33.5,3.44,11.76,5.0,Yes,Mike Muscala
761,2013,"Noel, Nerlens",C,"6'10""",206.4,,,,,,Yes,Nerlens Noel
762,2013,"Oladipo, Victor",SG,"6'3""",213.2,33.0,42.0,3.25,10.69,15.0,Yes,Victor Oladipo
763,2013,"Olynyk, Kelly",PF-C,"6'11""",234.0,24.5,29.5,3.59,11.42,5.0,Yes,Kelly Olynyk
764,2013,"Paul, Brandon",SG,"6'3""",201.0,33.5,39.5,3.37,11.16,15.0,No,Brandon Paul
765,2013,"Pelle, Norvel",PF-C,"6'10""",207.2,31.0,34.5,3.32,11.49,0.0,No,Norvel Pelle
766,2013,"Plumlee, Mason",C-PF,"6'11""",238.2,30.5,36.0,3.29,10.89,14.0,Yes,Mason Plumlee
767,2013,"Porter, Otto",SF,"6'8""",197.6,27.0,36.0,3.4,11.25,9.0,No,Otto Porter
768,2013,"Pressey, Phil",PG,"5'10""",177.0,33.0,38.5,3.13,10.86,7.0,No,Phil Pressey
769,2013,"Rice, Glen",SF-SG,"6'4""",210.8,33.0,40.5,3.25,10.99,10.0,No,Glen Rice
770,2013,"Roberson, Andre",PF-SF,"6'6""",205.8,30.0,36.5,3.34,11.36,10.0,Yes,Andre Roberson
771,2013,"Schroder, Dennis",PG,"6'1""",164.8,30.0,34.0,3.21,11.09,1.0,No,Dennis Schroder
772,2013,"Siva, Peyton",PG,"5'12""",180.6,33.5,41.5,3.16,10.59,15.0,Yes,Peyton Siva
773,2013,"Snell, Tony",SF-SG,"6'6""",198.2,30.0,36.5,3.25,11.36,7.0,Yes,Tony Snell
774,2013,"Southerland, James",SF-PF,"6'7""",220.6,29.0,32.0,3.38,10.9,5.0,No,James Southerland
775,2013,"Thomas, Adonis",SF,"6'5""",231.8,34.5,40.5,3.32,11.64,13.0,No,Adonis Thomas
776,2013,"Thomas, Deshaun",SF,"6'5""",219.8,28.5,32.0,3.53,12.94,5.0,Yes,Deshaun Thomas
777,2013,"Withey, Jeff",C,"6'11""",221.8,26.5,29.0,3.47,12.49,10.0,Yes,Jeff Withey
778,2013,"Wolters, Nate",PG,"6'4""",196.4,,,,,8.0,Yes,Nate Wolters
779,2013,"Young, BJ",SG-PG,"6'2""",178.8,,,,,,No,BJ Young
780,2013,"Zeller, Cody",C-PF,"6'11""",230.0,35.5,37.5,3.15,10.82,17.0,Yes,Cody Zeller
781,2012,"Acy, Quincy",PF,"6'6""",223.8,32.0,37.0,3.28,10.48,13.0,Yes,Quincy Acy
782,2012,"Barnes, Harrison",SF-SG,"6'7""",227.8,38.0,39.5,3.16,10.93,15.0,Yes,Harrison Barnes
783,2012,"Barton, Will",SG-SF,"6'5""",174.4,30.0,34.0,3.6,12.5,0.0,Yes,Will Barton
784,2012,"Beal, Bradley",SG,"6'3""",201.8,33.0,39.0,3.28,10.95,8.0,Yes,Bradley Beal
785,2012,"Brown, J'Covan",PG,"6'1""",202.4,26.0,29.5,3.47,11.68,3.0,No,J'Covan Brown
786,2012,"Buford, William",SG-SF,"6'4""",214.6,27.5,32.5,3.43,11.4,8.0,No,William Buford
787,2012,"Crowder, Jae",SF,"6'5""",241.2,31.0,34.5,3.37,11.45,20.0,Yes,Jae Crowder
788,2012,"Cunningham, Jared",SG-PG,"6'4""",187.6,,,,,4.0,Yes,Jared Cunningham
789,2012,"Davis, Anthony",PF-C,"6'9""",221.8,,,,,,Yes,Anthony Davis
790,2012,"Denmon, Marcus",SG,"6'2""",188.2,33.5,40.0,3.19,10.82,8.0,Yes,Marcus Denmon
791,2012,"Drummond, Andre",C,"6'10""",278.6,31.5,33.5,3.39,10.83,10.0,Yes,Andre Drummond
792,2012,"English, Kim",SG,"6'4""",192.0,29.0,36.5,3.33,10.59,,Yes,Kim English
793,2012,"Ezeli, Festus",C-PF,"6'10""",264.2,34.0,33.5,3.29,12.35,18.0,Yes,Festus Ezeli
794,2012,"Gordon, Drew",PF,"6'8""",239.0,29.0,34.0,3.49,11.35,10.0,No,Drew Gordon
795,2012,"Green, Draymond",PF-SF,"6'6""",235.6,28.0,33.0,3.4,11.01,9.0,Yes,Draymond Green
796,2012,"Green, JaMychal",PF,"6'8""",217.4,29.5,32.5,3.38,10.63,19.0,No,JaMychal Green
797,2012,"Harkless, Maurice",SF,"6'7""",206.6,32.5,37.0,3.25,10.87,5.0,Yes,Maurice Harkless
798,2012,"Henson, John",PF,"6'9""",216.0,25.5,30.0,,,5.0,Yes,John Henson
799,2012,"Holloway, Tu",PG,"5'10""",186.8,28.0,35.0,3.42,11.0,12.0,No,Tu Holloway
800,2012,"Hummel, Robbie",SF,"6'7""",218.0,27.5,30.0,3.41,11.56,13.0,Yes,Robbie Hummel
801,2012,"James, Bernard",PF,"6'9""",229.8,30.0,32.5,3.4,11.84,6.0,Yes,Bernard James
802,2012,"Jenkins, John",SG,"6'3""",212.0,30.5,36.5,3.37,11.36,10.0,Yes,John Jenkins
803,2012,"Johnson-Odom, Darius",SG,"6'2""",212.0,33.5,41.5,3.21,10.76,17.0,No,Darius Johnson-Odom
804,2012,"Johnson, Orlando",SG,"6'4""",223.8,32.0,39.5,3.25,10.98,13.0,Yes,Orlando Johnson
805,2012,"Jones, Kevin",PF,"6'6""",251.2,27.5,32.5,3.6,11.94,17.0,No,Kevin Jones
806,2012,"Jones, Perry",PF-SF,"6'10""",233.8,33.0,38.5,3.19,11.31,11.0,Yes,Perry Jones
807,2012,"Jones, Terrence",PF-SF,"6'8""",252.0,29.5,34.5,3.4,11.57,12.0,Yes,Terrence Jones
808,2012,"Joseph, Kris",SG,"6'6""",215.0,28.5,35.0,3.46,,6.0,Yes,Kris Joseph
809,2012,"Kidd-Gilchrist, Michael",SF,"6'6""",232.8,32.0,35.5,3.18,11.77,6.0,No,Michael Kidd-Gilchrist
810,2012,"Lamb, Doron",SG-PG,"6'3""",199.4,29.0,33.5,3.41,11.12,2.0,Yes,Doron Lamb
811,2012,"Lamb, Jeremy",SG,"6'4""",179.2,31.5,38.0,3.25,10.98,5.0,Yes,Jeremy Lamb
812,2012,"Leonard, Meyers",C,"6'12""",249.8,30.0,32.5,3.41,11.34,19.0,Yes,Meyers Leonard
813,2012,"Lillard, Damian",PG,"6'2""",188.8,34.5,39.5,3.34,11.15,13.0,Yes,Damian Lillard
814,2012,"Machado, Scott",PG,"6'1""",205.8,27.0,32.5,3.3,11.26,17.0,No,Scott Machado
815,2012,"Marshall, Kendall",PG,"6'3""",198.4,31.0,37.0,3.23,12.03,,Yes,Kendall Marshall
816,2012,"Melo, Fab",C,"6'11""",255.0,29.5,31.0,3.44,12.14,9.0,Yes,Fab Melo
817,2012,"Middleton, Khris",SF,"6'7""",216.2,28.0,31.0,3.47,11.45,4.0,Yes,Khris Middleton
818,2012,"Miller, Darius",SF-SG,"6'6""",233.4,33.0,37.0,3.31,11.34,14.0,Yes,Darius Miller
819,2012,"Miller, Quincy",SF,"6'9""",218.7,30.5,36.0,3.48,11.05,8.0,Yes,Quincy Miller
820,2012,"Moultrie, Arnett",PF,"6'10""",232.8,33.5,37.5,3.22,11.32,10.0,Yes,Arnett Moultrie
821,2012,"Murphy, Kevin",SG,"6'5""",194.0,31.0,36.5,3.42,10.97,11.0,Yes,Kevin Murphy
822,2012,"Nicholson, Andrew",PF,"6'8""",234.0,28.5,30.5,3.67,11.89,10.0,Yes,Andrew Nicholson
823,2012,"O'Quinn, Kyle",PF,"6'8""",240.8,31.5,31.5,3.53,11.65,,No,Kyle O'Quinn
824,2012,"Plumlee, Miles",PF-C,"6'10""",252.4,34.0,40.5,3.36,10.64,15.0,Yes,Miles Plumlee
825,2012,"Rivers, Austin",SG-PG,"6'4""",202.8,32.5,37.5,3.32,11.54,1.0,Yes,Austin Rivers
826,2012,"Robinson, Thomas",PF,"6'8""",244.2,28.5,35.5,3.17,11.96,15.0,Yes,Thomas Robinson
827,2012,"Ross, Terrence",SG-SF,"6'6""",196.6,31.0,37.5,3.28,11.78,2.0,Yes,Terrence Ross
828,2012,"Satoransky, Tomas",PG-SG,"6'6""",200.6,,,,,,No,Tomas Satoransky
829,2012,"Scott, Mike",PF,"6'7""",240.8,27.0,32.5,3.44,11.59,14.0,Yes,Mike Scott
830,2012,"Sims, Henry",C-PF,"6'10""",241.2,26.5,29.5,3.44,12.33,7.0,No,Henry Sims
831,2012,"Sullinger, Jared",PF,"6'8""",268.2,29.5,31.0,3.81,12.77,9.0,Yes,Jared Sullinger
832,2012,"Taylor, Jeff",SF-SG,"6'6""",212.8,33.5,40.0,3.29,10.87,15.0,Yes,Jeff Taylor
833,2012,"Taylor, Jordan",PG,"6'1""",192.8,33.0,36.5,3.19,10.57,14.0,No,Jordan Taylor
834,2012,"Taylor, Tyshawn",PG,"6'3""",177.0,32.0,36.5,3.2,11.48,0.0,Yes,Tyshawn Taylor
835,2012,"Teague, Marquis",PG,"6'1""",179.8,32.5,40.5,3.19,10.65,8.0,Yes,Marquis Teague
836,2012,"Thompson, Hollis",SF,"6'7""",206.0,28.5,36.5,3.38,11.72,6.0,No,Hollis Thompson
837,2012,"Waiters, Dion",SG,"6'2""",221.0,,,,,,Yes,Dion Waiters
838,2012,"White, Royce",PF,"6'7""",260.6,,,,,,Yes,Royce White
839,2012,"Wroten, Tony",PG,"6'5""",203.2,30.0,35.5,3.24,10.75,0.0,Yes,Tony Wroten
840,2012,"Zeller, Tyler",PF-C,"6'11""",247.4,30.0,34.0,3.4,11.13,16.0,Yes,Tyler Zeller
841,2011,"Benson, Keith",C-PF,"6'10""",217.0,31.5,36.0,3.35,11.88,12.0,Yes,Keith Benson
842,2011,"Brooks, Marshon",SG,"6'4""",194.6,34.0,38.5,3.09,10.74,5.0,Yes,Marshon Brooks
843,2011,"Burks, Alec",SG,"6'5""",192.6,29.0,36.0,3.17,10.96,5.0,Yes,Alec Burks
844,2011,"Butler, Jimmy",SF,"6'6""",222.2,32.0,39.0,3.15,11.12,14.0,Yes,Jimmy Butler
845,2011,"Cole, Norris",PG,"6'0""",174.4,29.5,38.5,3.22,10.07,11.0,Yes,Norris Cole
846,2011,"Diebler, Jon",SG,"6'5""",196.6,28.0,35.0,3.37,10.94,2.0,Yes,Jon Diebler
847,2011,"Dunigan, Michael",PF-C,"6'8""",237.6,29.5,34.5,3.27,11.85,10.0,No,Michael Dunigan
848,2011,"Dunn, LaceDarius",SG,"6'3""",187.8,26.5,31.0,3.27,11.45,3.0,No,LaceDarius Dunn
849,2011,"Faried, Kenneth",PF,"6'6""",224.6,30.5,35.0,3.26,11.35,16.0,Yes,Kenneth Faried
850,2011,"Fredette, James",PG,"6'1""",196.0,28.0,33.0,3.21,10.42,14.0,No,James Fredette
851,2011,"Goudelock, Andrew",PG,"6'1""",197.6,32.5,37.0,3.1,10.33,4.0,Yes,Andrew Goudelock
852,2011,"Hamilton, Jordan",SF,"6'7""",228.4,25.0,32.0,3.3,11.47,7.0,Yes,Jordan Hamilton
853,2011,"Harper, Justin",PF-SF,"6'8""",228.0,28.5,33.0,3.3,11.92,19.0,Yes,Justin Harper
854,2011,"Harris, Tobias",SF-PF,"6'6""",222.8,31.5,37.5,3.17,10.96,12.0,Yes,Tobias Harris
855,2011,"Honeycutt, Tyler",SF,"6'7""",186.8,30.0,37.0,3.07,11.68,,Yes,Tyler Honeycutt
856,2011,"Hopson, Scotty",SG,"6'6""",204.6,32.5,36.0,3.18,10.47,10.0,No,Scotty Hopson
857,2011,"Irving, Kyrie",PG,"6'2""",191.0,,,,,,Yes,Kyrie Irving
858,2011,"Jackson, Rick",PF,"6'8""",241.8,28.5,33.0,3.26,11.51,9.0,No,Rick Jackson
859,2011,"Jenkins, Charles",PG-SG,"6'2""",216.4,29.5,34.0,3.18,11.68,16.0,Yes,Charles Jenkins
860,2011,"Johnson, JaJuan",PF,"6'9""",219.8,33.5,38.0,3.14,11.21,15.0,Yes,JaJuan Johnson
861,2011,"Joseph, Cory",PG,"6'2""",186.2,27.5,35.0,3.27,10.75,5.0,Yes,Cory Joseph
862,2011,"Kanter, Enes",PF-C,"6'10""",259.2,26.0,32.5,3.26,11.3,14.0,No,Enes Kanter
863,2011,"Knight, Brandon",PG,"6'2""",176.8,29.0,37.5,3.07,10.74,10.0,Yes,Brandon Knight
864,2011,"Lee, Malcolm",SG,"6'4""",198.2,30.0,35.5,3.09,11.2,17.0,Yes,Malcolm Lee
865,2011,"Leonard, Kawhi",SF,"6'6""",227.4,25.5,32.0,3.15,11.45,3.0,Yes,Kawhi Leonard
866,2011,"Leslie, Travis",SG,"6'3""",205.0,33.0,40.5,3.13,11.0,10.0,Yes,Travis Leslie
867,2011,"Leuer, Jon",PF,"6'10""",223.2,29.5,36.5,3.36,10.82,14.0,Yes,Jon Leuer
868,2011,"Liggins, DeAndre",SF-SG,"6'5""",202.2,27.0,31.0,3.33,,6.0,Yes,DeAndre Liggins
869,2011,"Lighty, David",SG,"6'5""",216.2,28.5,33.0,3.25,10.81,15.0,No,David Lighty
870,2011,"Mack, Shelvin",PG,"6'1""",209.0,32.0,39.0,3.18,11.23,17.0,Yes,Shelvin Mack
871,2011,"McCamey, Demetri",PG,"6'2""",204.0,27.0,33.0,3.19,11.55,,No,Demetri McCamey
872,2011,"Moore, E'Twaun",SG,"6'2""",191.4,32.0,34.5,3.31,11.12,,No,E'Twaun Moore
873,2011,"Morris, Darius",PG-SG,"6'3""",190.0,24.5,32.0,3.2,11.0,12.0,Yes,Darius Morris
874,2011,"Morris, Marcus",PF-SF,"6'7""",229.6,29.0,33.0,3.15,,11.0,Yes,Marcus Morris
875,2011,"Morris, Markieff",PF,"6'8""",240.8,27.0,31.5,3.4,,11.0,Yes,Markieff Morris
876,2011,"Parsons, Chandler",SF,"6'9""",221.2,25.5,31.5,3.29,11.05,4.0,Yes,Chandler Parsons
877,2011,"Richmond, Jereme",SF,"6'6""",207.2,27.0,33.5,3.02,11.74,0.0,No,Jereme Richmond
878,2011,"Selby, Josh",SG-PG,"6'2""",194.6,29.5,42.0,3.2,11.13,5.0,Yes,Josh Selby
879,2011,"Shumpert, Iman",PG-SG,"6'4""",221.8,36.5,42.0,3.18,11.1,18.0,Yes,Iman Shumpert
880,2011,"Singler, Kyle",SF,"6'8""",228.0,23.0,30.0,3.21,11.22,10.0,Yes,Kyle Singler
881,2011,"Singleton, Chris",SF,"6'8""",230.2,30.5,37.5,3.09,11.33,15.0,Yes,Chris Singleton
882,2011,"Skeen, Jamie",PF,"6'6""",241.6,26.0,30.5,3.46,12.43,10.0,No,Jamie Skeen
883,2011,"Smith, Gregory",PF-C,"6'8""",252.8,29.5,36.0,3.36,12.43,17.0,No,Gregory Smith
884,2011,"Smith, Nolan",PG,"6'2""",187.6,28.5,34.0,3.17,11.05,9.0,Yes,Nolan Smith
885,2011,"Thomas, Isaiah",PG,"5'9""",186.0,31.5,40.0,3.14,10.49,13.0,Yes,Isaiah Thomas
886,2011,"Thomas, Malcolm",PF,"6'8""",223.0,32.0,36.5,3.29,11.31,3.0,No,Malcolm Thomas
887,2011,"Thompkins, Trey",PF,"6'8""",239.0,27.5,30.5,3.41,11.72,15.0,Yes,Trey Thompkins
888,2011,"Thompson, Klay",SG,"6'6""",205.6,26.5,31.5,3.24,10.99,5.0,Yes,Klay Thompson
889,2011,"Thompson, Tristan",PF,"6'8""",227.4,30.0,35.0,3.26,10.92,9.0,Yes,Tristan Thompson
890,2011,"Tyler, Jeremy",PF-C,"6'9""",262.4,28.0,33.5,3.29,11.26,10.0,Yes,Jeremy Tyler
891,2011,"Vucevic, Nikola",PF-C,"6'10""",259.8,23.5,25.0,3.27,12.02,8.0,No,Nikola Vucevic
892,2011,"Walker, Kemba",PG,"5'12""",184.0,32.0,39.5,3.16,10.87,7.0,Yes,Kemba Walker
893,2011,"Williams, Derrick",PF-SF,"6'7""",248.4,29.0,34.5,3.23,11.03,19.0,Yes,Derrick Williams
894,2011,"Williams, Jordan",PF,"6'8""",247.2,25.0,30.5,3.45,12.74,10.0,Yes,Jordan Williams
895,2010,"Alabi, Solomon",C,"6'12""",237.4,22.5,26.0,3.68,13.2,10.0,Yes,Solomon Alabi
896,2010,"Aldrich, Cole",C,"6'9""",236.0,23.0,28.0,3.35,11.48,10.0,Yes,Cole Aldrich
897,2010,"Aminu, Al-Farouq",SF,"6'7""",216.0,27.0,33.5,3.3,11.29,13.0,No,Al-Farouq Aminu
898,2010,"Anderson, James",SF,"6'5""",207.6,30.0,35.5,3.19,11.86,14.0,Yes,James Anderson
899,2010,"Babbitt, Luke",SF-PF,"6'8""",217.8,29.5,37.5,3.4,10.98,15.0,Yes,Luke Babbitt
900,2010,"Bledsoe, Eric",PG,"6'0""",191.6,,,,,9.0,Yes,Eric Bledsoe
901,2010,"Booker, Trevor",PF,"6'6""",235.8,31.0,36.0,3.1,11.15,22.0,Yes,Trevor Booker
902,2010,"Brackins, Craig",PF-SF,"6'8""",229.0,26.0,35.0,3.39,11.65,6.0,Yes,Craig Brackins
903,2010,"Bradley, Avery",SG-PG,"6'2""",180.4,31.5,37.5,3.14,11.47,2.0,Yes,Avery Bradley
904,2010,"Caracter, Derrick",PF,"6'8""",280.0,25.0,30.5,3.61,12.78,22.0,Yes,Derrick Caracter
905,2010,"Collins, Sherron",PG,"5'10""",217.2,27.5,33.0,3.24,12.31,,No,Sherron Collins
906,2010,"Cousins, DeMarcus",C,"6'10""",291.8,23.5,27.5,3.55,11.4,,Yes,DeMarcus Cousins
907,2010,"Crawford, Jordan",SG,"6'3""",198.4,31.5,34.5,3.37,11.03,7.0,Yes,Jordan Crawford
908,2010,"Davis, Ed",PF,"6'9""",226.6,31.0,36.0,3.21,11.7,,Yes,Ed Davis
909,2010,"Ebanks, Devin",SF,"6'7""",207.8,23.5,32.0,3.44,11.69,6.0,Yes,Devin Ebanks
910,2010,"Favors, Derrick",PF,"6'9""",245.2,31.5,35.5,3.25,11.74,14.0,Yes,Derrick Favors
911,2010,"Gallon, Keith",PF-C,"6'8""",301.8,23.5,28.5,3.7,13.44,14.0,No,Keith Gallon
912,2010,"Garcia, Charles",SF,"6'8""",231.6,24.5,30.5,3.23,11.65,2.0,No,Charles Garcia
913,2010,"George, Paul",SF,"6'8""",214.4,,,,,4.0,Yes,Paul George
914,2010,"Harangody, Luke",PF,"6'6""",240.2,24.0,28.5,3.41,11.83,23.0,Yes,Luke Harangody
915,2010,"Harris, Manny",SG,"6'4""",185.1,,,,,11.0,No,Manny Harris
916,2010,"Hayward, Gordon",SF,"6'7""",211.0,30.5,34.5,3.22,11.73,10.0,Yes,Gordon Hayward
917,2010,"Hayward, Lazar",SG-SF,"6'4""",225.8,31.0,36.0,3.31,10.87,15.0,Yes,Lazar Hayward
918,2010,"Henry, Xavier",SG,"6'5""",210.2,28.5,36.5,3.18,11.1,8.0,Yes,Xavier Henry
919,2010,"Hobson, Darington",SG-SF,"6'5""",203.6,29.0,34.0,3.25,11.68,,Yes,Darington Hobson
920,2010,"James, Damion",SF,"6'6""",226.6,29.0,33.0,3.2,10.89,13.0,Yes,Damion James
921,2010,"Johnson, Armon",PG-SG,"6'2""",195.2,31.5,38.5,3.19,11.25,18.0,Yes,Armon Johnson
922,2010,"Johnson, Wesley",SF,"6'6""",206.4,32.0,37.0,3.14,11.43,16.0,Yes,Wesley Johnson
923,2010,"Jones, Dominique",SG,"6'3""",216.0,26.0,32.5,3.31,10.88,19.0,Yes,Dominique Jones
924,2010,"Jordan, Jerome",C,"6'12""",244.2,,,,,,Yes,Jerome Jordan
925,2010,"Landesberg, Sylven",SG,"6'5""",210.0,28.0,32.0,3.36,11.59,8.0,No,Sylven Landesberg
926,2010,"Lawal, Gani",PF,"6'8""",233.4,27.0,31.5,3.24,11.61,20.0,Yes,Gani Lawal
927,2010,"Monroe, Greg",PF-C,"6'10""",246.6,25.0,29.0,3.35,12.1,15.0,Yes,Greg Monroe
928,2010,"Orton, Daniel",C,"6'9""",269.2,24.0,30.5,3.39,12.32,13.0,Yes,Daniel Orton
929,2010,"Parakhouski, Artsiom",C,"6'10""",268.2,25.5,26.5,3.33,12.07,16.0,No,Artsiom Parakhouski
930,2010,"Patterson, Patrick",PF,"6'8""",239.6,28.5,33.5,3.25,11.14,17.0,Yes,Patrick Patterson
931,2010,"Pittman, Dexter",PF-C,"6'10""",302.6,,,,,,Yes,Dexter Pittman
932,2010,"Rautins, Andy",SG,"6'4""",191.6,23.5,30.5,3.49,11.27,8.0,Yes,Andy Rautins
933,2010,"Richards, Ryan",PF,"6'10""",230.2,25.0,28.5,3.37,11.33,4.0,Yes,Ryan Richards
934,2010,"Robinson, Stanley",SF,"6'6""",213.2,,37.5,3.23,11.65,6.0,Yes,Stanley Robinson
935,2010,"Sanders, Larry",PF-C,"6'9""",222.4,25.5,28.0,3.27,12.49,7.0,Yes,Larry Sanders
936,2010,"Scheyer, Jon",PG-SG,"6'5""",180.0,,,,,,No,Jon Scheyer
937,2010,"Stephenson, Lance",SG,"6'4""",227.0,27.0,33.0,3.38,11.39,10.0,Yes,Lance Stephenson
938,2010,"Torrance, Mikhail",PG,"6'4""",208.8,23.0,32.0,3.17,11.43,8.0,No,Mikhail Torrance
939,2010,"Turner, Evan",SG,"6'6""",213.8,27.5,34.5,3.27,11.06,9.0,Yes,Evan Turner
940,2010,"Udoh, Ekpe",PF,"6'9""",237.4,31.0,33.5,3.29,11.15,10.0,Yes,Ekpe Udoh
941,2010,"Varnado, Jarvis",PF-C,"6'8""",210.2,29.5,32.5,3.37,11.61,3.0,Yes,Jarvis Varnado
942,2010,"Vasquez, Greivis",PG-SG,"6'5""",210.8,,,,,,No,Greivis Vasquez
943,2010,"Wall, John",PG,"6'3""",195.6,30.0,39.0,3.14,10.84,,Yes,John Wall
944,2010,"Warren, Willie",SG-PG,"6'2""",208.4,23.0,31.5,3.5,11.21,10.0,Yes,Willie Warren
945,2010,"White, Terrico",SG-PG,"6'4""",202.6,31.0,40.0,3.15,11.38,10.0,Yes,Terrico White
946,2010,"Whiteside, Hassan",C-PF,"6'10""",226.6,27.0,31.5,3.54,11.83,12.0,Yes,Hassan Whiteside
